x1,x2,x3,x4,x5,x6,x7,x8,x9,x10,x11,x12,x13,x14,x15,y
417,16.77,46.87%,170,38.57%,1937,20.18%,162.22%,1.5942%,3654,65.62 ,109.18%,1673 ,1.8625 ,13524 ,3.213 
425,24.96,46.86%,176,39.37%,1788,20.99%,166.86%,1.5546%,3112,73.89 ,104.68%,1556 ,1.8519 ,13128 ,3.189 
428,24.96,46.86%,178,40.00%,1638,21.96%,171.09%,1.6324%,2920,76.62 ,99.29%,1432 ,1.7348 ,12868 ,3.033 
453,26.27,46.86%,186,40.72%,1277,19.83%,173.15%,2.0195%,2488,73.43 ,93.83%,1370 ,1.7880 ,12878 ,2.949 
464,26.58,46.86%,187,40.61%,1368,17.92%,173.65%,1.6535%,2521,55.14 ,88.39%,1351 ,1.7727 ,12609 ,2.811 
448,34.35,46.86%,190,41.32%,1243,18.27%,174.24%,1.5985%,2246,49.17 ,93.56%,1318 ,1.7727 ,11914 ,2.740 
456,34.74,37.42%,194,42.42%,802,21.64%,174.87%,1.4569%,1875,46.50 ,85.61%,1227 ,1.7725 ,11483 ,2.855 
547,38.9,37.42%,202,43.90%,694,23.03%,173.62%,1.5844%,1929,45.12 ,77.26%,1157 ,1.7643 ,12672 ,2.796 
578,65.22,37.42%,210,45.40%,1225,24.68%,170.86%,1.6064%,1779,38.70 ,70.53%,1066 ,1.7478 ,13137 ,2.780 
588,65.91,37.42%,218,46.75%,1169,25.82%,170.57%,1.4612%,1483,37.31 ,64.63%,1025 ,1.7281 ,12824 ,2.764 
610,62.5,37.42%,225,48.30%,688.64,27.03%,173.00%,1.3009%,1182,28.23 ,62.26%,816 ,1.6414 ,12580 ,2.602 
427,42.63,37.36%,240,50.70%,446.32,28.78%,190.39%,1.3440%,881,27.31 ,55.18%,743 ,1.5961 ,8393 ,2.466 
724,65.06,37.26%,249,52.70%,409.14,30.32%,192.97%,1.5775%,911,25.12 ,55.11%,657 ,1.5827 ,11846 ,2.524 
734,65.09,37.27%,240,51.19%,514.5,32.45%,191.29%,1.2888%,763,24.37 ,52.77%,647 ,1.5804 ,11628 ,2.526 
691,38.28,27.79%,275,15.21%,2523,4.14%,151.68%,1.2844%,6198,76.74 ,125.43%,874 ,1.9616 ,17084 ,3.326 
696,38.73,26.90%,275,15.34%,2267,4.43%,150.74%,1.3473%,5745,71.79 ,120.15%,901 ,1.9622 ,16973 ,3.361 
717,41.96,27.35%,274,15.44%,2134,4.38%,156.21%,1.4889%,5327,71.57 ,118.74%,698 ,1.9443 ,16698 ,3.186 
746,35.96,27.75%,267,16.51%,1696,4.48%,161.86%,2.4790%,4804,75.38 ,125.11%,695 ,1.9266 ,16736 ,3.106 
774,39.73,28.06%,282,19.51%,1895,4.03%,152.05%,2.1007%,4952,88.66 ,140.67%,662 ,1.9117 ,16618 ,3.282 
767,37.86,34.29%,278,19.71%,1620,4.15%,151.79%,1.9162%,4632,85.98 ,152.01%,655 ,1.8555 ,15542 ,3.104 
787,40.04,34.53%,276,20.11%,1354,4.67%,152.05%,1.9367%,4421,83.97 ,146.72%,659 ,1.8613 ,15110 ,3.057 
803,47.1,22.18%,272,20.23%,1112,4.90%,149.75%,2.0433%,4313.95,81.19 ,141.08%,689 ,1.8584 ,18783 ,2.963 
797,47.01,22.93%,272,20.53%,970,5.88%,152.18%,1.9349%,3616.36,76.10 ,149.37%,728 ,1.8273 ,17565 ,3.078 
931,43.26,23.02%,266,20.64%,844,5.58%,151.21%,1.6604%,3222.42,70.45 ,159.04%,688 ,1.6945 ,17822 ,2.901 
935,38.69,23.06%,263,20.72%,704,6.06%,147.94%,1.7062%,1427,66.12 ,162.62%,570 ,1.6364 ,16584 ,2.770 
675,29.57,23.59%,260,20.74%,592.7,6.14%,143.84%,1.5191%,1255.56,57.13 ,157.41%,577 ,1.5564 ,11000 ,2.659 
702,31.06,23.92%,264,21.29%,465.05,5.00%,138.49%,1.6509%,1000.71,59.42 ,126.85%,591 ,1.5291 ,10558 ,2.551 
690,27.99,23.90%,277,22.93%,494.34,5.15%,143.59%,1.6837%,842.06,49.31 ,117.01%,592 ,1.4658 ,9011 ,2.489 
473,15.55,23.03%,174,31.76%,3502,11.73%,215.08%,1.5932%,4091,84.17 ,118.82%,490 ,1.8785 ,15467 ,3.202 
499,17.94,22.49%,181,32.96%,2958,12.49%,220.68%,1.6454%,3591,79.31 ,113.69%,456 ,1.8371 ,15384 ,3.163 
520,18.73,22.95%,185,33.70%,2624,11.80%,223.78%,1.3491%,3441,76.58 ,110.05%,422 ,1.8269 ,15129 ,3.048 
550,19.01,23.06%,189,34.04%,2103,12.45%,229.09%,3.1712%,2857,71.90 ,103.99%,422 ,1.7715 ,15108 ,3.074 
533,17.87,25.59%,200,36.00%,2062,10.07%,234.47%,2.9465%,2833,71.88 ,97.84%,366 ,1.6832 ,13986 ,2.977 
531,17.22,25.58%,204,36.71%,1871,10.19%,233.57%,2.6599%,2575,66.56 ,95.83%,332 ,1.6022 ,13144 ,2.820 
377,12.09,25.58%,206,37.11%,1596,12.26%,232.86%,2.9562%,2463,63.65 ,86.08%,295 ,1.5367 ,8750 ,2.711 
384,11.61,19.73%,211,38.10%,1445,13.10%,231.38%,3.2485%,2253,62.46 ,83.19%,278 ,1.4926 ,8241 ,2.622 
394,12.56,19.50%,213,38.70%,1262,13.41%,229.39%,3.0269%,2085,60.57 ,92.28%,265 ,1.4489 ,7676 ,2.532 
400,12.83,19.46%,214,39.12%,1180,12.54%,230.06%,2.5178%,1816,58.34 ,95.39%,240 ,1.3002 ,7066 ,2.431 
387,10.61,19.49%,217,39.60%,597.52,12.15%,251.18%,2.3572%,992.25,53.99 ,91.34%,231 ,1.2456 ,6464 ,2.334 
355,10.18,19.53%,218,39.91%,507.28,12.20%,267.67%,2.0684%,876.86,45.60 ,88.09%,220 ,1.1763 ,5878 ,2.270 
378,11.99,19.63%,223,41.05%,419.7,11.35%,272.88%,2.2812%,741.2,42.50 ,74.76%,184 ,1.1145 ,5903 ,2.198 
355,12.37,19.58%,234,43.20%,380.1,12.41%,279.82%,2.4234%,608.94,38.47 ,62.16%,168 ,1.0727 ,5236 ,2.296 
409,15.66,7.81%,48,36.42%,1716,17.16%,259.55%,3.3441%,2062,119.47 ,110.05%,930 ,1.3188 ,9567 ,2.845 
415,18.45,7.62%,50,37.37%,1538,17.90%,266.58%,2.7070%,1821,121.60 ,104.02%,834 ,1.3116 ,9363 ,2.651 
420,16.77,7.76%,51,37.96%,1379,17.13%,272.61%,2.3690%,1712,106.45 ,99.68%,721 ,1.2934 ,8913 ,2.530 
420,17.75,7.79%,52,38.06%,959,17.73%,279.35%,3.5928%,1618,100.66 ,100.03%,634 ,1.2636 ,8689 ,2.481 
439,17.85,10.11%,56,38.99%,995,14.89%,295.10%,3.0859%,1562,90.10 ,92.23%,565 ,1.3518 ,8606 ,2.562 
462,17.04,10.11%,58,40.09%,863,14.82%,298.89%,2.9097%,1380,87.30 ,92.63%,532 ,1.2591 ,8229 ,2.508 
469,14.76,10.11%,60,41.89%,715,16.34%,304.26%,3.1477%,1203,74.79 ,90.04%,465 ,1.2437 ,7014 ,2.464 
484,15.24,9.56%,63,43.89%,564,18.18%,305.73%,3.3488%,1109,82.79 ,84.93%,407 ,1.1824 ,7932 ,2.450 
484,16.67,9.53%,67,47.09%,467,18.42%,309.26%,3.6834%,1028,78.50 ,77.74%,358 ,1.1404 ,7830 ,2.380 
485,15.83,9.49%,69,48.40%,450,22.58%,314.26%,3.3372%,860,74.47 ,89.25%,343 ,1.0294 ,7485 ,2.364 
515,15.06,9.43%,70,49.50%,389,23.07%,335.55%,3.0924%,743,67.10 ,79.45%,319 ,0.9887 ,7144 ,2.264 
522,15.17,9.39%,71,49.93%,242,22.26%,433.64%,3.0548%,604,60.38 ,73.52%,292 ,0.9311 ,6524 ,2.148 
485,14.93,9.33%,73,51.62%,174,19.78%,441.39%,3.1707%,600,53.30 ,74.13%,259 ,0.8732 ,5762 ,2.145 
469,14.77,9.41%,76,53.68%,169,18.14%,460.99%,2.8185%,755,47.98 ,68.94%,207 ,0.8441 ,4949 ,2.149 
433,7.61,34.10%,97,35.85%,2383,19.36%,190.74%,1.6983%,3557,86.87 ,104.01%,1018 ,1.6562 ,9911 ,3.066 
436,7.77,33.77%,100,36.80%,2096,17.80%,195.11%,1.3758%,3167,80.11 ,103.48%,973 ,1.6815 ,9664 ,2.828 
440,8.07,33.88%,102,37.54%,1989,19.86%,198.96%,1.5088%,2999,77.22 ,106.65%,915 ,1.6445 ,9162 ,2.841 
447,8.41,34.02%,104,38.34%,1455,17.97%,204.68%,2.4089%,2683,74.21 ,103.71%,895 ,1.6042 ,8997 ,2.762 
455,8.59,35.66%,112,38.30%,1490.3,15.65%,196.99%,2.1179%,2676.9,69.11 ,55.18%,800 ,1.5708 ,8710 ,2.596 
561,8.92,35.66%,114,39.25%,1308.6,16.97%,196.17%,1.9773%,2416.7,67.06 ,95.23%,691 ,1.5316 ,7967 ,2.516 
694,9.97,35.63%,117,40.35%,1162,20.93%,195.66%,2.2282%,2217.9,64.57 ,89.60%,476 ,1.5167 ,7782 ,2.525 
710,9.78,24.08%,120,41.46%,1051.3,21.60%,195.05%,2.0950%,2203.9,60.65 ,84.99%,459 ,1.4835 ,7368 ,2.618 
702,9.8,23.55%,123,42.75%,994.3,23.05%,192.54%,2.2659%,2067,59.49 ,80.30%,425 ,1.4531 ,7607 ,2.585 
738,9.31,23.45%,126,43.99%,843.8,24.03%,192.38%,2.0118%,1792.2,53.93 ,78.91%,393 ,1.3755 ,7411 ,2.539 
751,9.4,23.42%,129,45.18%,738.3,23.48%,214.54%,1.8980%,1648.58,49.18 ,74.01%,370 ,1.3305 ,7463 ,2.482 
767,9.85,23.30%,131,46.32%,646,22.51%,219.29%,1.7414%,1309.22,42.33 ,63.08%,344 ,1.3165 ,7628 ,2.390 
837,10.64,23.18%,136,48.01%,565.2,19.84%,223.14%,1.7437%,748.36,35.81 ,60.26%,306 ,1.3019 ,7791 ,2.185 
796,10.96,22.62%,140,49.96%,494.5,25.26%,231.83%,1.8885%,998.66,34.25 ,53.91%,253 ,1.2857 ,7583 ,2.268 
845,14.46,13.80%,64,34.68%,2765,18.50%,189.75%,1.3331%,4194,83.07 ,120.49%,1105 ,1.7785 ,10677 ,3.044 
860,14.75,13.57%,66,35.53%,2545,17.91%,194.69%,1.2505%,3809,79.11 ,115.70%,1017 ,1.7644 ,10558 ,2.976 
887,15.58,13.81%,67,36.13%,2338,18.04%,197.60%,1.1498%,3536,75.42 ,112.86%,909 ,1.7655 ,10297 ,2.897 
928,15.71,13.80%,69,37.36%,1820,17.67%,201.09%,1.9718%,2997,75.16 ,110.85%,835 ,1.7089 ,10091 ,2.870 
957,16.81,16.36%,75,38.24%,1154,14.94%,212.10%,1.7312%,3320,70.38 ,105.51%,731 ,1.5643 ,9872 ,2.629 
1016,17.41,16.48%,77,39.14%,1036,15.15%,212.01%,1.5967%,3113,70.68 ,114.94%,660 ,1.5026 ,9317 ,2.570 
1083,18.24,15.15%,79,40.14%,1241,16.93%,211.87%,1.6442%,2786,68.14 ,102.19%,693 ,1.4728 ,9263 ,2.565 
1203,21.23,15.18%,82,41.54%,1136,17.84%,211.53%,1.6774%,2668,63.79 ,90.40%,663 ,1.4090 ,9553 ,2.517 
1225,21.55,15.17%,84,42.85%,989,19.21%,209.97%,1.7465%,2481.62,61.21 ,88.70%,651 ,1.3810 ,10663 ,2.551 
1275,20.85,15.19%,86,44.05%,878,19.58%,211.40%,1.4265%,2238,58.67 ,93.61%,593 ,1.3209 ,10576 ,2.484 
1371,23.29,15.21%,88,45.25%,557,19.75%,218.26%,1.3220%,1168,55.63 ,96.94%,524 ,1.2854 ,10522 ,2.355 
1339,20.67,15.09%,90,46.41%,401,20.10%,233.35%,1.2870%,1076,48.56 ,78.93%,463 ,1.2542 ,9898 ,2.240 
1304,20.19,15.11%,93,48.10%,353,18.78%,233.19%,1.3010%,875,42.62 ,76.65%,397 ,1.2356 ,9296 ,2.129 
1311,20.73,15.12%,96,50.14%,308,19.12%,238.82%,1.4835%,562,38.89 ,69.59%,326 ,1.2160 ,8991 ,2.061 
413,3.19,49.13%,153,41.81%,2309,34.81%,174.30%,2.4255%,3776,51.96 ,92.11%,1426 ,1.7486 ,10086 ,3.177 
415,3.2,48.62%,157,42.88%,2189,34.39%,177.60%,2.4768%,3279,47.96 ,92.19%,1358 ,1.7249 ,9953 ,3.075 
420,3.23,48.74%,156,42.73%,2007,34.63%,180.27%,2.5381%,2999,46.47 ,89.84%,1308 ,1.7088 ,9587 ,3.052 
425,3.2,48.41%,166,44.48%,1609,34.23%,183.20%,5.0559%,2761,44.38 ,89.69%,1294 ,1.6771 ,9358 ,3.196 
434,3.28,47.94%,171,43.59%,1872,30.46%,190.07%,3.8514%,2609,39.34 ,86.18%,1121 ,1.7161 ,9228 ,2.973 
426,3.07,48.53%,176,44.19%,1733,30.79%,188.38%,3.6246%,2317,37.26 ,85.00%,951 ,1.6706 ,8661 ,2.862 
432,3.04,48.55%,182,45.30%,1539,34.11%,187.78%,3.8113%,2085,36.23 ,76.29%,659 ,1.6480 ,8404 ,2.718 
551,3.91,33.44%,191,46.90%,1470,37.57%,188.11%,3.6124%,1603,46.95 ,69.55%,618 ,1.6188 ,10148 ,2.859 
552,3.92,33.42%,198,48.76%,1327,37.02%,184.89%,3.7149%,1350,42.94 ,68.54%,592 ,1.5852 ,9947 ,2.903 
587,4.05,33.37%,207,50.51%,1224,39.20%,183.21%,3.2429%,1064,40.37 ,67.27%,547 ,1.4916 ,10002 ,2.799 
616,4.41,33.32%,213,52.05%,1071,41.15%,186.73%,2.9584%,900,40.85 ,68.53%,498 ,1.4487 ,9535 ,2.678 
622,4.29,33.25%,218,53.57%,973,42.77%,195.29%,3.0204%,709,35.96 ,64.92%,452 ,1.3975 ,8902 ,2.613 
93,5.87,33.10%,225,55.55%,845,44.70%,195.03%,3.0522%,650,30.90 ,61.73%,414 ,1.3628 ,11607 ,2.747 
692,4.44,32.98%,233,57.54%,666,48.94%,205.88%,3.1747%,582,27.97 ,55.42%,372 ,1.3259 ,8262 ,2.594 
579,11.22,40.23%,81,38.74%,1985,24.25%,168.95%,1.9619%,3100,79.72 ,111.87%,1527 ,1.3770 ,11212 ,3.195 
588,11.3,39.90%,82,39.65%,1689,24.21%,172.32%,1.7624%,2664,76.23 ,106.55%,1423 ,1.3139 ,11119 ,2.970 
591,11.46,40.10%,80,38.61%,1566,23.56%,176.41%,1.6456%,2468,73.80 ,99.98%,1351 ,1.2818 ,10956 ,2.854 
598,11.74,40.55%,87,41.08%,1099,24.07%,179.97%,2.7501%,2000,72.24 ,93.86%,1220 ,1.2487 ,10908 ,2.768 
618,11.47,40.45%,94,39.90%,1372,21.23%,179.05%,2.2549%,2012,65.31 ,83.75%,1104 ,1.2848 ,10768 ,2.690 
614,10.81,40.45%,96,40.79%,1185,21.35%,179.91%,2.2989%,1863,61.20 ,86.71%,1052 ,1.2026 ,10196 ,2.582 
618,10.51,21.83%,99,42.09%,1013,23.92%,182.43%,2.3807%,1684,58.14 ,77.83%,982 ,1.1851 ,9914 ,2.689 
628,10.39,21.83%,104,43.99%,927,25.29%,182.91%,2.6890%,1536,58.62 ,74.64%,867 ,1.1511 ,9789 ,2.662 
669,10.64,21.89%,108,45.79%,851,26.60%,181.65%,2.4456%,1492,56.92 ,73.15%,762 ,1.1220 ,10134 ,2.648 
780,11.37,21.88%,111,47.24%,789,27.11%,182.68%,1.9325%,1429,54.62 ,73.48%,767 ,1.0518 ,10672 ,2.617 
882,11.64,21.90%,114,48.81%,551,28.35%,185.98%,1.9244%,1174,50.30 ,69.00%,678 ,0.9868 ,10732 ,2.428 
799,12.53,21.90%,117,49.99%,500,29.42%,188.32%,1.8774%,1068,37.86 ,64.71%,607 ,0.9319 ,11220 ,2.412 
758,12.53,21.19%,121,51.82%,474,31.16%,188.24%,1.9041%,921,37.81 ,56.13%,458 ,0.9037 ,10426 ,2.353 
879,12.89,20.75%,127,54.50%,417,34.74%,195.66%,1.9239%,618,34.01 ,48.98%,366 ,0.8857 ,10221 ,2.337 
463,13.13,43.79%,176,37.17%,1249,24.26%,194.51%,2.4614%,3398,75.03 ,94.68%,1304 ,2.1047 ,8639 ,3.033 
477,13.21,43.34%,181,38.07%,1102,25.28%,198.90%,2.2203%,2989,70.95 ,90.66%,1216 ,2.0617 ,8442 ,2.994 
485,13.26,43.40%,184,38.78%,1080,26.02%,201.14%,2.1363%,2666,68.48 ,88.51%,1110 ,1.9765 ,8165 ,2.887 
508,13.5,48.97%,201,41.46%,755,27.99%,206.99%,3.4309%,2328,62.06 ,84.27%,1012 ,2.0917 ,8045 ,2.866 
524,13.7,48.96%,233,41.70%,1298,23.72%,203.85%,3.0195%,2373,52.02 ,71.62%,825 ,2.0271 ,7899 ,2.842 
517,13.24,49.36%,236,42.43%,1102,23.97%,204.43%,2.9277%,2166,50.41 ,73.52%,747 ,1.9393 ,7379 ,2.739 
535,12.56,49.39%,243,43.63%,971,26.71%,205.26%,2.8488%,1941,46.39 ,67.34%,685 ,1.8978 ,7088 ,2.676 
553,12.7,30.17%,250,45.08%,630,27.76%,206.13%,3.2993%,1784,43.02 ,65.15%,636 ,1.8294 ,6910 ,2.797 
566,12.83,30.10%,256,46.40%,560,30.73%,203.50%,3.0234%,1587,40.80 ,65.32%,565 ,1.7613 ,7049 ,2.769 
579,12.31,30.10%,262,47.75%,507,32.92%,202.56%,2.6647%,1419,38.67 ,63.31%,535 ,1.6355 ,6866 ,2.721 
583,12.84,29.98%,268,48.97%,448,34.85%,206.94%,2.7279%,1249,33.18 ,67.28%,493 ,1.5394 ,6835 ,2.724 
593,13.29,29.47%,274,50.37%,318,36.23%,226.48%,2.4378%,855,29.79 ,57.15%,359 ,1.4498 ,6574 ,2.548 
618,13.38,29.47%,283,52.01%,255.84,35.81%,226.03%,1.8314%,710,27.57 ,49.88%,325 ,1.4024 ,6223 ,2.561 
623,12.41,29.36%,293,54.00%,309.94,37.26%,232.14%,2.2433%,592,22.22 ,44.61%,234 ,1.3303 ,5814 ,2.592 
1494,8.79,28.31%,221,32.08%,2119,17.75%,172.49%,1.2962%,3950,69.20 ,102.59%,1748 ,2.3857 ,15118 ,3.324 
1526,9.01,27.27%,226,32.88%,1927,17.28%,175.91%,1.3070%,3407,65.54 ,99.89%,1659 ,2.3558 ,15235 ,3.386 
1676,9.25,27.68%,228,33.28%,1801,16.64%,178.40%,1.2025%,3227,56.34 ,100.90%,1565 ,2.5705 ,15034 ,3.317 
1750,9.68,28.67%,233,33.73%,1201,17.01%,186.38%,2.2310%,2721,54.17 ,90.98%,1584 ,2.4923 ,14958 ,3.373 
1690,9.23,29.04%,228,33.70%,1543,15.02%,178.85%,1.7902%,2766,53.45 ,92.01%,1669 ,2.4486 ,13848 ,3.387 
1645,21.46,34.64%,235,34.09%,1202,15.87%,180.26%,1.3424%,2728,53.89 ,86.21%,1544 ,2.4029 ,13086 ,3.171 
1743,21.09,34.84%,238,34.59%,1083,17.09%,181.83%,1.5433%,2523,56.64 ,94.81%,1489 ,2.3346 ,13587 ,3.121 
1439,15.39,29.27%,240,35.10%,997.26,18.58%,182.18%,1.7022%,2278.67,54.32 ,88.64%,1678 ,2.2516 ,11382 ,3.100 
1421,14.24,28.99%,241,35.70%,916.31,20.04%,179.37%,1.6736%,1900.85,50.08 ,90.59%,1267 ,2.2469 ,10631 ,3.034 
1489,14.24,25.31%,246,36.42%,841.22,20.50%,179.35%,1.2004%,1684.48,48.48 ,94.66%,1241 ,2.1654 ,10488 ,3.036 
1648,11.81,25.68%,251,37.18%,538.59,19.62%,184.04%,1.3241%,803.23,41.82 ,89.88%,1146 ,2.0282 ,10737 ,2.873 
2068,11.84,25.80%,255,37.91%,478.40 ,20.96%,192.12%,1.2405%,819.69,35.88 ,77.68%,1074 ,1.9442 ,10734 ,2.749 
2125,12.14,25.44%,266,39.62%,493.22,19.67%,215.05%,1.3164%,711.84,36.16 ,75.51%,1029 ,1.8972 ,10332 ,2.696 
2139,12.44,25.75%,281,42.05%,401.77,23.12%,222.54%,1.2137%,673.8,34.14 ,63.93%,900 ,1.8275 ,9560 ,2.667 
725,19.75,27.75%,164,49.48%,1830,35.59%,198.87%,3.2253%,3535,84.36 ,88.40%,970 ,1.9992 ,10510 ,3.413 
744,18.6,27.44%,168,50.57%,1675,36.16%,203.37%,2.9972%,2931,80.96 ,86.33%,899 ,1.9591 ,10372 ,3.312 
754,18.59,27.65%,171,51.60%,1543,35.32%,206.81%,2.8421%,2641,77.31 ,83.73%,805 ,1.9190 ,10082 ,3.230 
766,21.67,27.73%,174,51.68%,684,36.09%,209.80%,4.7165%,2526,67.20 ,77.64%,760 ,1.8846 ,9848 ,3.287 
795,21.92,30.47%,192,52.88%,826,30.59%,219.54%,3.9083%,2622,60.35 ,71.58%,645 ,1.8388 ,9621 ,2.965 
784,25.8,30.52%,191,52.78%,755,30.53%,218.90%,3.9231%,2394,58.88 ,73.77%,622 ,1.7987 ,8917 ,2.863 
635,19.26,30.47%,197,54.08%,686,34.05%,221.89%,4.5555%,2167,56.62 ,70.19%,799 ,1.7472 ,6720 ,3.141 
630,18.26,20.19%,201,55.48%,627,31.70%,223.87%,4.3944%,1969,53.84 ,63.77%,709 ,1.6899 ,6384 ,2.927 
626,16.78,20.11%,204,56.68%,577,37.40%,220.64%,4.4400%,1812,52.38 ,57.38%,677 ,1.6440 ,6828 ,2.861 
732,14.14,19.72%,208,57.90%,577,38.11%,220.81%,3.5818%,1651,49.22 ,60.35%,605 ,1.5295 ,6397 ,2.795 
743,14.11,19.68%,212,59.10%,433.46,40.24%,224.82%,3.6090%,1287.11,37.10 ,56.55%,539 ,1.4836 ,5979 ,2.722 
952,13.89,19.68%,216,60.60%,382.2,42.79%,272.96%,3.5149%,1111.88,33.40 ,51.41%,489 ,1.4264 ,5380 ,2.519 
977,13.58,19.64%,229,64.30%,357.7,44.72%,270.89%,3.2451%,910.45,26.36 ,45.58%,429 ,1.3805 ,5192 ,2.543 
953,14.08,19.33%,230,65.20%,305.97,42.63%,276.91%,3.2624%,739.71,25.46 ,40.85%,601 ,1.3404 ,4762 ,2.518 
495,7.44,17.72%,110,41.15%,1997,25.38%,186.78%,2.7408%,4166,77.45 ,98.53%,565 ,1.7834 ,10459 ,3.008 
504,7.57,17.47%,113,41.95%,1589,25.21%,191.67%,2.2628%,4085,72.03 ,94.55%,528 ,1.7340 ,10333 ,2.983 
509,7.8,17.41%,114,42.58%,1525,24.72%,194.18%,2.0175%,3594,69.38 ,90.09%,482 ,1.8222 ,10095 ,2.913 
518,7.92,17.63%,120,44.01%,1058,26.20%,198.03%,3.2281%,3085,60.54 ,92.21%,451 ,1.7821 ,9909 ,2.814 
569,7.4,17.72%,120,45.60%,1276,22.12%,200.05%,2.4364%,3135,61.84 ,97.26%,431 ,1.6882 ,9777 ,2.769 
546,7.05,19.99%,118,46.30%,1153,22.66%,200.69%,2.4673%,2827,57.63 ,89.81%,416 ,1.5975 ,9135 ,2.646 
568,7.83,19.98%,120,47.50%,1022,25.18%,201.46%,2.4906%,2592,56.86 ,51.28%,395 ,1.5986 ,8964 ,2.555 
554,7.1,16.91%,123,48.80%,905,27.11%,201.68%,2.6010%,2386,54.30 ,90.40%,423 ,1.5778 ,8230 ,2.625 
547,8.24,16.66%,125,50.05%,832,28.54%,196.86%,2.5993%,2178,52.39 ,99.00%,417 ,1.5460 ,9376 ,2.651 
596,10.9,16.71%,128,51.32%,774,28.58%,198.26%,2.1043%,1895,49.62 ,99.65%,359 ,1.4698 ,8812 ,2.518 
597,4.66,15.79%,130,52.50%,653,29.90%,202.61%,2.1306%,1774,46.29 ,91.02%,332 ,1.4011 ,8470 ,2.509 
609,4.46,15.58%,132,53.55%,565.1,30.71%,196.82%,2.1258%,1563.71,43.05 ,77.10%,309 ,1.3481 ,7904 ,2.491 
611,4.57,15.83%,137,54.58%,561.4,29.91%,197.20%,2.2090%,1383.4,35.54 ,72.28%,287 ,1.3416 ,7575 ,2.478 
599,4.56,15.80%,144,57.30%,378.2,32.23%,202.06%,2.3086%,1126.34,30.68 ,54.06%,262 ,1.3213 ,7050 ,2.325 
659,26.51,24.06%,85,40.88%,2232,26.15%,163.76%,3.0699%,2939,70.36 ,95.82%,799 ,1.4305 ,11495 ,3.033 
684,26.68,23.91%,87,41.70%,2035,27.40%,168.68%,2.3886%,2548,66.30 ,94.29%,738 ,1.3022 ,11326 ,2.884 
702,26.69,23.96%,89,42.27%,1891,27.34%,171.54%,2.1100%,2361,67.60 ,90.79%,665 ,1.0341 ,11058 ,2.783 
723,27.06,23.98%,92,43.17%,1256,29.09%,173.56%,3.2262%,2153,65.36 ,96.27%,615 ,0.9750 ,10975 ,2.733 
788,29.62,23.99%,109,47.30%,1492,24.16%,176.64%,2.4746%,2033,55.07 ,86.98%,510 ,1.1315 ,11605 ,2.622 
687,25.02,26.32%,111,47.88%,1298,24.29%,176.79%,2.5138%,1836,38.04 ,84.06%,502 ,1.0647 ,9576 ,2.566 
749,26.12,26.32%,113,49.18%,1110,26.99%,176.57%,2.7450%,1637,44.50 ,81.02%,475 ,1.0310 ,9794 ,2.535 
699,24.41,26.33%,116,50.78%,1005.59,30.12%,176.17%,2.7088%,1506.31,47.37 ,76.68%,446 ,0.9822 ,8385 ,2.488 
715,26.35,19.96%,119,52.08%,840.05,31.09%,175.02%,3.1227%,1314.02,45.94 ,79.53%,423 ,0.9555 ,8600 ,2.477 
698,25.36,19.97%,121,53.48%,763.95,31.23%,174.89%,2.2724%,1209.4,42.03 ,75.39%,391 ,0.8910 ,8536 ,2.446 
688,26.73,19.99%,125,55.00%,665.8,32.74%,178.76%,2.4897%,1131,37.81 ,116.97%,374 ,0.8031 ,8376 ,2.523 
694,26.88,19.99%,128,56.80%,580.3,33.08%,215.83%,2.2404%,1116,29.15 ,72.20%,331 ,0.7519 ,8410 ,2.328 
801,28,20.00%,135,59.68%,505.7,34.29%,213.68%,2.2240%,1123,27.65 ,65.29%,278 ,0.6932 ,9330 ,2.259 
750,25.49,19.99%,139,61.75%,440.7,37.42%,220.17%,2.6017%,979,25.43 ,59.85%,247 ,0.6732 ,8101 ,2.210 
574,7.59,13.93%,71,50.59%,1522,31.51%,245.64%,4.9344%,2482,88.49 ,115.72%,535 ,1.3077 ,7058 ,3.213 
585,7.65,13.86%,73,51.62%,1270,33.19%,249.77%,4.5857%,2430,83.76 ,109.69%,488 ,1.2801 ,6919 ,3.121 
599,7.43,14.50%,74,52.34%,1214,32.76%,255.92%,4.5189%,2171,82.44 ,106.00%,444 ,1.2418 ,6798 ,2.978 
624,7.55,14.51%,77,53.44%,807,32.84%,260.19%,6.2746%,1986,77.25 ,125.31%,386 ,1.2102 ,6773 ,2.911 
657,7.47,14.54%,76,54.14%,909,28.39%,271.61%,5.2701%,1862,74.95 ,109.57%,350 ,1.1608 ,6638 ,2.831 
688,7.48,18.77%,77,55.14%,800,27.98%,274.78%,4.7740%,1653,72.01 ,106.48%,310 ,0.9931 ,6404 ,2.787 
741,7.94,18.79%,79,56.52%,714,28.42%,279.16%,4.9704%,1473,71.38 ,91.20%,273 ,0.9385 ,6446 ,2.695 
641,6.95,10.85%,81,58.12%,637,30.37%,279.67%,5.3945%,1326,67.41 ,93.26%,262 ,0.8581 ,6255 ,2.801 
649,6.69,10.82%,83,60.02%,567,31.19%,278.55%,4.7975%,1180,68.17 ,91.31%,241 ,0.8032 ,6048 ,2.796 
651,7.66,10.86%,85,61.62%,497,33.45%,281.42%,3.5492%,1093,63.15 ,92.73%,227 ,0.7785 ,5806 ,2.666 
652,7.17,10.82%,88,63.90%,273,36.22%,288.01%,3.6507%,645,55.62 ,109.93%,215 ,0.7788 ,5457 ,2.672 
668,7.85,10.83%,90,65.45%,223,38.91%,329.39%,3.6060%,467,46.97 ,108.69%,190 ,0.7782 ,5035 ,2.641 
695,7.76,10.72%,92,67.47%,170,42.14%,334.48%,3.8393%,423,42.06 ,77.19%,167 ,0.7904 ,4852 ,2.630 
585,7.31,10.64%,97,71.17%,138,45.91%,288.33%,3.0037%,207,38.24 ,80.31%,158 ,0.7604 ,4098 ,2.493 
469,10.81,61.68%,183,42.17%,3002,18.84%,167.25%,1.4399%,2454.00 ,67.74 ,116.34%,1751 ,1.9568 ,14982 ,3.250 
486,10.92,60.30%,190,43.22%,2766,20.17%,170.87%,1.3692%,2090.00 ,66.75 ,103.74%,1592 ,1.9306 ,15003 ,3.236 
495,10.29,60.49%,188,43.84%,2550,20.52%,174.90%,1.2853%,1890.00 ,62.09 ,99.79%,1469 ,1.8583 ,14918 ,3.064 
505,10.18,61.30%,201,44.24%,2305,19.25%,177.45%,2.4372%,248.00 ,56.81 ,65.31%,1320 ,1.8308 ,14984 ,3.077 
502,10.57,60.99%,220,44.42%,2616,17.44%,177.63%,2.0464%,260.06 ,51.22 ,87.99%,1152 ,1.7690 ,15030 ,2.984 
492,10.82,60.99%,210,42.60%,2245,17.41%,177.41%,1.9900%,234.37 ,47.24 ,84.69%,618 ,1.7001 ,14187 ,2.687 
474,10.94,61.14%,215,43.70%,1923,19.36%,178.59%,1.9587%,209.13 ,43.52 ,77.51%,261 ,1.5519 ,13195 ,2.452 
862,18.81,36.25%,222,45.20%,1569,20.71%,178.55%,2.1239%,188.69 ,41.76 ,81.04%,328 ,1.5294 ,18523 ,2.709 
895,20.15,36.02%,228,46.50%,1032,21.39%,175.63%,2.0840%,152.21 ,43.14 ,72.10%,329 ,1.5015 ,16781 ,2.750 
921,20.62,36.02%,233,47.80%,926,21.15%,175.78%,1.5272%,1150.24 ,41.90 ,78.83%,328 ,1.4157 ,15631 ,2.645 
1010,21.41,37.37%,249,49.18%,623,22.18%,179.43%,1.5730%,1390.32 ,39.89 ,77.82%,232 ,1.3962 ,14636 ,2.658 
1020,22.79,37.36%,252,53.34%,495,22.94%,198.64%,1.5506%,997.67 ,21.35 ,69.88%,340 ,1.3371 ,13719 ,2.515 
1065,25.95,36.55%,277,55.18%,229,24.61%,202.51%,1.5679%,816.41 ,33.15 ,54.92%,188 ,1.3024 ,13716 ,2.456 
1431,26.07,36.45%,303,55.96%,244,29.43%,234.48%,1.6410%,980.07 ,29.16 ,52.45%,204 ,1.2620 ,10703 ,2.558 
411,3.99,63.88%,224,52.58%,1700,25.58%,161.37%,2.3393%,3405.76 ,73.68 ,109.59%,990 ,2.0602 ,11627 ,3.311 
421,3.99,63.79%,233,54.08%,1607,25.25%,164.73%,2.1533%,3030.91 ,76.20 ,93.20%,965 ,2.0304 ,11312 ,3.302 
426,3.81,63.75%,235,54.69%,1480,26.02%,167.22%,2.0045%,2820.43 ,75.66 ,85.49%,710 ,1.9735 ,10998 ,3.171 
441,3.63,63.98%,254,56.59%,1350,25.88%,170.57%,3.1515%,2537.58 ,63.55 ,53.69%,715 ,1.9107 ,10883 ,3.027 
448,3.57,63.98%,273,56.61%,1390,22.99%,175.06%,2.6505%,2512.04 ,56.63 ,59.20%,574 ,1.8215 ,10803 ,2.858 
437,3.31,63.82%,278,56.63%,1134,23.55%,173.67%,2.8461%,2312.02 ,50.39 ,60.13%,506 ,1.6764 ,10050 ,2.730 
402,2.59,63.89%,280,56.66%,878.43,26.03%,172.63%,2.5326%,2230.62 ,47.21 ,55.84%,419 ,1.6520 ,9176 ,2.687 
396,2.25,41.88%,281,56.69%,760.19,27.75%,173.50%,2.9189%,1681.19 ,44.47 ,52.11%,399 ,1.6427 ,8762 ,2.692 
391,2.25,41.93%,246,49.50%,995.34,28.31%,171.63%,2.4539%,1311.89 ,39.63 ,47.86%,401 ,1.6050 ,9592 ,2.702 
475,2.87,42.01%,252,50.77%,853.51,28.78%,170.64%,2.2347%,1194.73 ,38.98 ,44.31%,363 ,1.5021 ,10978 ,2.679 
589,3.6,43.37%,268,52.02%,342.58,30.27%,173.03%,2.1240%,1664.14 ,37.56 ,45.41%,334 ,1.4801 ,13186 ,2.530 
615,3.71,43.43%,284,58.23%,320.15,32.08%,184.36%,2.0157%,1491.16 ,35.78 ,43.94%,274 ,1.4273 ,12720 ,2.569 
655,4.27,43.30%,298,54.53%,313.89,34.50%,187.47%,2.0375%,1239.80 ,30.74 ,34.92%,217 ,1.3820 ,12816 ,2.801 
660,4.45,42.86%,322,49.05%,223.7,37.58%,196.70%,1.7115%,918.03 ,18.26 ,25.01%,173 ,1.2989 ,12339 ,2.354 
