城市,省份,年份,单位面积建材碳排放（kgco2/m2),施工面积(万平方米),建筑面积(万平方米),电力消费量（亿千瓦小时）,电网因子（kgco2/kwh),人均地区生产总值(元）,第三产业比重,总人口（万人）,城镇化率,能源结构,气候区,co2总量（万吨）,经度,纬度
安康市,陕西省,2011,637.7466754,193.7235403,8398.264418,31150.0,0.8195,15477.0,0.3734,305.1,0.164128351,0.294937198,2,247.9704597,109.0177837,32.7064648
安庆市,安徽省,2011,367.6111208,331.0463105,13096.27594,37904.0,0.8,22893.0,0.298,618.7,0.187138161,0.378126869,3,444.1047745,116.6302585,30.6592336
安顺市,贵州省,2011,176.9987884,270.6555644,24732.9103,33752.0,0.5755,12468.0,0.4503,282.3,0.151179242,0.347716182,3,379.9740152,105.9437773,26.254911
安阳市,河南省,2011,272.459002,406.5823676,36691.19551,71112.0,0.825,28806.0,0.2947,590.9,0.223544255,0.318519732,3,892.0770995,114.5096506,35.9901282
鞍山市,辽宁省,2011,1182.092053,1198.987983,60577.20629,77434.0,0.8055,68224.0,0.4199,351.6,0.50742025,0.283978355,1,2242.763227,122.8275,40.822222
巴彦淖尔市,内蒙古自治区,2011,293.2151833,790.7988513,43559.11373,20317.0,0.8895,43118.0,0.2311,186.8,0.351240792,0.3264446,1,560.731056,107.494851,41.569576
巴中市,四川省,2011,943.6513971,261.7653536,9579.70799,21039.0,0.2685,10433.0,0.3439,389.4,0.197276939,0.261713896,3,538.2037404,107.062301,32.040248
白城市,吉林省,2011,273.6442341,55.27372349,3846.636783,14712.0,0.727,27374.0,0.3307,202.5,0.398487506,0.221841062,1,62.46136364,123.1327161,45.4086001
白山市,吉林省,2011,273.6442341,119.0066142,8281.968191,34045.0,0.727,41325.0,0.3117,128.5,0.691316887,0.221841062,1,134.481901,126.4183792,41.936895
白银市,甘肃省,2011,395.5199154,298.101019,11690.40033,24338.0,0.5925,20660.0,0.3139,179.4,0.272690301,0.419303848,2,309.3549078,104.784953,36.536461
百色市,广西壮族自治区,2011,211.590223,109.5254528,10712.2549,25200.0,0.4885,18867.0,0.2638,385.3,0.131685077,0.45022474,4,268.8452592,106.6148824,23.9053605
蚌埠市,安徽省,2011,367.6111208,344.1919699,13616.32156,48839.0,0.8,24574.0,0.3217,365.5,0.293771929,0.378126869,3,461.7399208,117.3825673,32.9176422
包头市,内蒙古自治区,2011,293.2151833,2664.381074,146760.5549,156113.0,0.8895,112372.0,0.4193,221.8,0.62430532,0.3264446,1,1889.230379,109.944912,40.6174777
宝鸡市,陕西省,2011,637.7466754,640.1287141,27750.7328,52482.0,0.8195,31579.0,0.2534,383.2,0.261054802,0.294937198,2,819.3790559,107.2322378,34.3609713
保定市,河北省,2011,1571.707747,1557.63414,112744.235,75263.0,0.9065,21796.0,0.3136,1160.7,0.296553028,0.327444027,2,6859.305625,115.490696,38.8579735
保山市,云南省,2011,173.0728613,273.4930157,5701.701299,19976.0,0.3605,12705.0,0.3688,254.2,0.112023446,0.36966825,5,133.5588232,99.1591622,25.1147115
北海市,广西壮族自治区,2011,211.590223,216.427507,21167.92547,45121.0,0.4885,32103.0,0.3499,167.9,0.288466825,0.45022474,4,531.2510265,109.3729721,21.6740808
北京,,2011,1002.71953,33586.35453,79631.99998,772.403076,0.8025,73492.2,0.74578,2024.0,0.87062,0.329390404,2,17174.75244,116.2,39.56
本溪市,辽宁省,2011,1182.092053,299.6359723,15138.69227,46205.0,0.8055,60552.0,0.3202,154.3,0.673130914,0.283978355,1,560.4831323,124.157425,41.176944
毕节市,贵州省,2011,176.9987884,530.3334997,48462.66845,45585.0,0.4575,11295.0,0.3544,851.7,0.271142211,0.347716182,3,744.5365099,105.215166,27.2150032
滨州市,山东省,2011,379.9035126,632.9977138,36452.88629,30881.0,0.906,48326.0,0.3671,380.7,0.255158866,0.349316658,2,766.9414048,117.9647262,37.3821206
亳州市,安徽省,2011,367.6111208,272.6472587,10785.99466,45440.0,0.8,12868.0,0.3418,604.2,0.123465409,0.378126869,3,365.7613619,115.7730968,33.8490794
沧州市,河北省,2011,1571.707747,672.6296397,48686.08887,38787.0,0.9065,36053.0,0.36,734.8,0.368798503,0.327444027,2,2962.038487,116.8511597,38.3042796
常德市,湖南省,2011,373.3779714,678.1313457,24939.308,56019.0,0.5345,31644.0,0.3463,625.7,0.234192393,0.285146154,3,760.148993,111.6928724,29.034552
常州市,江苏省,2011,2895.985472,1659.802182,88311.10504,212786.0,0.743,77485.0,0.424,362.9,0.548209038,0.467833781,3,11103.94525,119.9691539,31.8122623
朝阳市,辽宁省,2011,1182.092053,319.0225347,16118.17147,25480.0,0.8055,26927.0,0.2776,341.0,0.283049736,0.283978355,1,596.7466061,120.4390738,41.5754767
潮州市,广东省,2011,391.809207,85.01380343,6419.175904,93949.0,0.6145,24169.0,0.3837,262.8,0.292902588,0.474577918,4,151.4539134,116.6204223,23.656593
郴州市,湖南省,2011,373.3779714,745.035061,27399.79353,57100.0,0.5345,29305.0,0.3117,506.5,0.437102507,0.285146154,3,835.144482,113.0094337,25.7733598
成都市,四川省,2011,943.6513971,10920.27949,399644.5184,465472.0,0.2685,48755.0,0.4936,1163.3,0.613498891,0.261713896,3,22452.68591,104.063315,30.659867
承德市,河北省,2011,1571.707747,633.2286353,45834.17649,28056.0,0.9065,31705.0,0.3018,374.3,0.292783275,0.327444027,2,2788.529494,117.9567031,40.9507147
池州市,安徽省,2011,367.6111208,261.3604221,10339.48454,22291.0,0.8,26345.0,0.3534,161.4,0.184253656,0.378126869,3,350.6198609,117.4859885,30.6671088
赤峰市,内蒙古自治区,2011,293.2151833,1457.246547,80268.66497,45530.0,0.8895,31121.0,0.3072,459.9,0.249341553,0.3264446,1,1033.288546,118.9759212,43.2564906
崇左市,广西壮族自治区,2011,211.590223,62.03813386,6067.706513,11758.0,0.4885,24557.0,0.3039,246.6,0.172984672,0.45022474,4,152.281116,107.328244,22.4910206
滁州市,安徽省,2011,367.6111208,556.0014577,21995.55858,14160.0,0.8,21634.0,0.2793,452.9,0.225500066,0.378126869,3,745.886283,118.3139455,32.3027377
达州市,四川省,2011,943.6513971,564.1043369,20644.27072,35054.0,0.2685,18474.0,0.2439,690.7,0.195210279,0.261713896,3,1159.82906,107.650683,31.345115
大连市,辽宁省,2011,1182.092053,3992.023463,201691.4534,245384.0,0.8055,91295.0,0.4147,588.5,0.637310484,0.283978355,1,7467.267023,121.6098013,38.9130495
大庆市,黑龙江省,2011,386.8706388,481.8656684,104317.0405,64595.0,0.8065,133301.0,0.1436,281.6,0.516841903,0.214110989,1,1850.391849,124.5598093,46.3240228
大同市,山西省,2011,304.395999,2080.166399,111068.1891,72442.0,0.8645,25341.0,0.4376,318.9,0.491120414,0.279611859,2,1868.041146,113.2952665,40.0923194
丹东市,辽宁省,2011,1182.092053,566.9868405,28646.2244,42615.0,0.8055,36841.0,0.3504,241.1,0.425814766,0.283978355,1,1060.575464,124.3821748,40.1237658
德阳市,四川省,2011,943.6513971,502.1665211,18377.56055,39320.0,0.2685,31562.0,0.2438,390.5,0.251979718,0.261713896,3,1032.481558,104.39013,31.1244028
德州市,山东省,2011,379.9035126,700.6249696,40347.38482,35292.0,0.906,34905.0,0.339,576.0,0.353025665,0.349316658,2,848.8787349,116.3534091,37.4363704
定西市,甘肃省,2011,395.5199154,494.1835124,19380.01795,2174.0,0.5925,6916.0,0.44,302.3,0.10988561,0.419303848,2,512.8398938,104.59362,35.1773165
东莞市,广东省,2011,391.809207,1344.398478,101512.107,657506.0,0.6145,57470.0,0.4965,184.8,0.467310005,0.474577918,4,2395.07471,113.7452332,23.0183568
东营市,山东省,2011,379.9035126,732.0279542,42155.81067,34918.0,0.906,130811.0,0.2475,186.0,0.404320273,0.349316658,2,886.9266592,118.6689349,37.4334738
鄂尔多斯市,内蒙古自治区,2011,293.2151833,4847.288689,267000.3869,49897.0,0.8895,163014.0,0.3734,158.2,0.307039191,0.3264446,1,3437.062789,108.8134284,39.4602947
鄂州市,湖北省,2011,725.553873,216.3073837,6976.159043,39248.0,0.3625,46756.0,0.2853,109.4,0.434032541,0.284834005,3,238.6224965,114.8898988,30.3925379
防城港市,广西壮族自治区,2011,211.590223,214.0392424,20934.33868,22481.0,0.4885,47416.0,0.3344,91.4,0.377935667,0.45022474,4,525.3887032,108.0271898,21.8615
佛山市,广东省,2011,391.809207,2147.111825,162122.9487,530525.0,0.6145,91202.0,0.3458,374.8,0.869403913,0.474577918,4,3825.125747,113.1159558,23.0239788
福州市,福建省,2011,683.5680679,4960.256669,181354.2734,333094.0,0.5475,52152.0,0.455,649.4,0.462783831,0.420220382,3,6776.85103,119.2918215,26.0774954
抚顺市,辽宁省,2011,1182.092053,406.3763332,20531.60109,61376.0,0.8055,52245.0,0.3318,220.1,0.666159836,0.283978355,1,760.1459812,123.924157,41.8692972
抚州市,江西省,2011,340.0863241,368.2001891,23979.41235,29187.0,0.699,18907.0,0.2828,412.0,0.223580971,0.377618462,3,883.7443946,116.415177,27.502232
阜新市,辽宁省,2011,1182.092053,169.6841481,8573.056437,35948.0,0.8055,26480.0,0.3264,192.1,0.449289849,0.283978355,1,317.4021533,122.015278,42.330278
阜阳市,安徽省,2011,367.6111208,264.4377656,10461.22503,56756.0,0.8,11202.0,0.3264,1025.8,0.133940398,0.378126869,3,354.7481743,115.8090001,32.8926763
赣州市,江西省,2011,340.0863241,571.9013739,37245.6595,41504.0,0.699,15895.0,0.3534,918.3,0.217723228,0.377618462,3,1372.662613,114.9287362,25.8332103
固原市,宁夏回族自治区,2011,471.0277529,204.364316,4925.334751,8155.0,0.7985,10785.0,0.4779,155.3,0.151627688,0.450143466,7,120.6284391,106.232668,35.93495
广安市,四川省,2011,943.6513971,265.1552149,9703.765208,7761.0,0.2685,20572.0,0.2964,468.5,0.179638933,0.261713896,3,545.1734788,106.6286646,30.4593051
广元市,四川省,2011,943.6513971,241.9772705,8855.532485,37162.0,0.2685,16225.0,0.3459,311.3,0.218625313,0.261713896,3,497.5183702,105.8395358,32.2685578
广州市,广东省,2011,391.809207,4695.348319,354533.8001,1167600.0,0.6145,97588.0,0.6151,814.6,1.120750356,0.474577918,4,8364.863691,113.2592945,23.1301964
贵港市,广西壮族自治区,2011,211.590223,82.8242359,8100.713616,50932.0,0.4885,15245.0,0.3607,527.7,0.111398105,0.45022474,4,203.3034569,110.0412939,23.3594346
贵阳市,贵州省,2011,176.9987884,3087.314489,282123.4158,353580.0,0.5755,31712.0,0.5305,376.1,0.508377825,0.347716182,5,4334.288435,106.6246178,26.6499922
桂林市,广西壮族自治区,2011,211.590223,252.7084766,24716.42479,81470.0,0.4885,23786.0,0.35,521.8,0.220514335,0.45022474,4,620.3076469,110.2910622,25.2779894
哈尔滨市,黑龙江省,2011,386.8706388,1646.392848,356420.5558,284857.0,0.8065,42736.0,0.5063,993.3,0.489215967,0.214110989,1,6322.243118,126.6276177,45.7593633
海口市,海南省,2011,237.1686911,849.4860972,30646.34607,69331.0,0.666,35669.0,0.6837,162.4,0.629878448,0.339264581,4,738.4627936,110.1956502,20.0462328
邯郸市,河北省,2011,1571.707747,1057.80491,76565.73664,71731.0,0.9065,30270.0,0.3266,980.0,0.422451082,0.327444027,2,4658.222994,114.4857072,36.6107711
汉中市,陕西省,2011,637.7466754,496.4765557,21523.15298,29027.0,0.8195,18952.0,0.367,382.3,0.202554957,0.294937198,2,635.5010836,107.045009,33.171124
杭州市,浙江省,2011,1949.888185,7966.942628,246197.2585,554875.0,0.6735,80478.0,0.4927,693.7,0.552311114,0.494226701,3,17098.17603,120.2052342,30.2489634
合肥市,安徽省,2011,367.6111208,2954.143985,116866.6848,227307.0,0.8,48563.0,0.3922,706.1,0.338657074,0.378126869,3,3963.039028,117.281428,31.8665676
河池市,广西壮族自治区,2011,211.590223,536.3045465,52453.84391,16768.0,0.4885,15141.0,0.3526,420.4,0.13675823,0.45022474,4,1316.433132,107.8857367,24.7169004
河源市,广东省,2011,391.809207,211.643178,15980.63766,36717.0,0.6145,19505.0,0.3459,366.8,0.213108506,0.474577918,4,377.0468589,114.6954482,23.746777
菏泽市,山东省,2011,379.9035126,884.6343331,50944.06196,51177.0,0.906,18746.0,0.308,966.5,0.232756271,0.349316658,2,1071.824879,115.4464761,35.2477266
贺州市,广西壮族自治区,2011,211.590223,22.54377271,2204.917975,33480.0,0.4885,18163.0,0.3154,233.3,0.139377368,0.45022474,4,55.33678486,111.3590955,24.3705146
鹤壁市,河南省,2011,272.459002,122.6200632,11065.59721,20263.0,0.825,31763.0,0.1808,164.1,0.33119159,0.318519732,3,269.0390903,114.2912899,35.7494986
鹤岗市,黑龙江省,2011,386.8706388,33.57758948,7269.068935,51230.0,0.8065,28774.0,0.2412,108.8,0.812167463,0.214110989,1,128.9398726,130.2684769,47.3272338
黑河市,黑龙江省,2011,386.8706388,144.2500181,31228.07033,8475.0,0.8065,18103.0,0.3434,174.6,0.524975945,0.214110989,1,553.9283565,127.11731,49.249879
衡水市,河北省,2011,1571.707747,536.7940574,38854.07607,28737.0,0.9065,21334.0,0.2865,441.6,0.278389266,0.327444027,2,2363.863505,115.6677229,37.7364305
衡阳市,湖南省,2011,373.3779714,638.4042501,23478.28385,68191.0,0.5345,24231.0,0.3463,796.6,0.48046244,0.285146154,3,715.6170422,112.5666191,26.8971308
呼和浩特市,内蒙古自治区,2011,293.2151833,3919.585578,215900.2554,129952.0,0.8895,75266.0,0.5869,232.3,0.48246285,0.3264446,1,2779.257148,111.6601939,40.8184528
呼伦贝尔市,内蒙古自治区,2011,293.2151833,1256.825838,69229.00751,15134.0,0.8895,45038.0,0.3674,270.4,0.672691346,0.3264446,1,891.1764074,119.7370167,49.2125235
葫芦岛市,辽宁省,2011,1182.092053,290.388587,14671.48094,30281.0,0.8055,24789.0,0.39,281.3,0.323874369,0.283978355,1,543.1854647,120.8404789,40.7515443
湖州市,浙江省,2011,1949.888185,1129.429446,34902.02531,76482.0,0.6735,52477.0,0.3856,261.1,0.321312601,0.494226701,3,2423.913964,120.0851114,30.8942995
怀化市,湖南省,2011,373.3779714,451.0430087,16587.79023,8167.0,0.5345,17816.0,0.4033,513.5,0.185489036,0.285146154,3,505.5951049,110.143549,27.659483
淮安市,江苏省,2011,2895.985472,837.8637368,44579.21148,106212.0,0.743,35181.0,0.3978,543.2,0.281622423,0.467833781,3,5605.242096,119.0196971,33.5978169
淮北市,安徽省,2011,367.6111208,215.9949434,8544.814704,33767.0,0.8,26239.0,0.2521,221.8,0.46558945,0.378126869,3,289.7612286,116.7928916,33.9566098
淮南市,安徽省,2011,367.6111208,358.9252969,14199.17571,67940.0,0.8,30400.0,0.2709,245.6,0.483453094,0.378126869,3,481.5049526,117.0130019,32.5866826
黄冈市,湖北省,2011,725.553873,715.6475265,23080.44634,19587.0,0.3625,16908.0,0.3332,746.3,0.223030283,0.284834005,3,789.4765145,114.8673226,30.4560187
黄山市,安徽省,2011,367.6111208,428.6923975,16959.1799,23825.0,0.8,25582.0,0.4199,148.1,0.2567553,0.378126869,3,575.0988141,118.3324811,29.7172627
黄石市,湖北省,2011,725.553873,827.1592146,26676.82506,42680.0,0.3625,38074.0,0.3019,260.1,0.3098,0.284834005,3,912.4921831,115.0334144,30.2024971
惠州市,广东省,2011,391.809207,1358.001881,102539.2654,159256.0,0.6145,45331.0,0.3599,343.0,0.66940828,0.474577918,4,2419.309464,114.4127007,23.1125153
鸡西市,黑龙江省,2011,386.8706388,97.60576991,21130.25625,31688.0,0.8065,26864.0,0.3157,188.9,0.632362732,0.214110989,1,374.8117638,130.9619259,45.2928513
吉安市,江西省,2011,340.0863241,146.2834516,9526.858782,17660.0,0.699,16830.0,0.2836,501.6,0.233110088,0.377618462,3,351.105687,114.961355,27.0937349
吉林市,吉林省,2011,273.6442341,1224.215696,85196.23484,96619.0,0.727,50914.0,0.3946,433.3,0.443586402,0.221841062,1,1383.409276,126.5438702,43.8349669
济南市,山东省,2011,379.9035126,3139.676069,180806.7427,299354.0,0.906,64311.0,0.5309,606.6,0.677307552,0.349316658,2,3804.038345,117.1138479,36.6519754
济宁市,山东省,2011,379.9035126,1085.383895,62504.76871,57107.0,0.906,35729.0,0.3485,847.0,0.238834394,0.349316658,2,1315.053484,116.5849266,35.4125047
佳木斯市,黑龙江省,2011,386.8706388,203.8273377,44125.70979,47934.0,0.8065,24853.0,0.4316,250.5,0.502647345,0.214110989,1,782.7086864,130.3747185,46.8037423
嘉兴市,浙江省,2011,1949.888185,2344.509172,72450.84566,65383.0,0.6735,59256.0,0.3724,343.1,0.423301312,0.494226701,3,5031.64544,120.7510971,30.7474425
嘉峪关市,甘肃省,2011,395.5199154,240.5445734,9433.253097,21074.0,0.5925,101306.0,0.1675,19.5,0.917095385,0.419303848,2,249.6255953,98.2885388,39.7722294
江门市,广东省,2011,391.809207,529.046077,39946.92265,68273.0,0.6145,41063.0,0.3797,393.7,0.557289205,0.474577918,4,942.5069281,113.0761073,22.5816619
焦作市,河南省,2011,272.459002,239.61399,21623.47523,39378.0,0.825,40809.0,0.232,370.0,0.291617189,0.318519732,3,525.7339477,113.143889,35.1375
揭阳市,广东省,2011,391.809207,157.6964545,11907.25788,44661.85714,0.6145,20780.0,0.2955,669.3,0.369279277,0.474577918,4,280.9396144,116.3680354,23.553156
金昌市,甘肃省,2011,395.5199154,126.1583852,4947.457186,13135.5,0.5925,50060.0,0.1648,46.6,0.503560944,0.419303848,2,130.9211078,102.058389,38.449693
金华市,浙江省,2011,1949.888185,1245.046806,38474.87357,68768.0,0.6735,45721.0,0.442,469.1,0.237898231,0.494226701,3,2672.045031,119.6486487,29.1080344
锦州市,辽宁省,2011,1182.092053,412.7187259,20852.04169,43628.0,0.8055,35784.0,0.3488,308.3,0.4178024,0.283978355,1,772.0097241,121.615278,41.494444
晋城市,山西省,2011,304.395999,581.3703991,31041.63081,14099.0,0.8645,39205.0,0.3021,217.5,0.268133977,0.279611859,2,522.0850732,112.8454497,35.4913132
晋中市,山西省,2011,304.395999,499.4730954,26668.81467,21940.0,0.8645,27300.0,0.3688,323.3,0.296413238,0.279611859,2,448.5392582,112.7383414,37.6866796
荆门市,湖北省,2011,725.553873,639.7471534,20632.57302,29477.0,0.3625,32765.0,0.2988,301.9,0.261566678,0.284834005,3,705.7459632,112.1937979,31.0375248
荆州市,湖北省,2011,725.553873,667.7526816,21535.78315,57887.0,0.3625,18288.0,0.3155,662.7,0.250678225,0.284834005,3,736.6406508,112.2337264,30.3375612
景德镇市,江西省,2011,340.0863241,152.79132,9950.690343,25239.0,0.699,35421.0,0.2908,164.6,0.407876185,0.377618462,3,366.7257014,117.2735595,29.3582395
九江市,江西省,2011,340.0863241,266.1716437,17334.69941,43548.0,0.699,26464.0,0.3285,502.4,0.280673129,0.377618462,3,638.8581676,115.3820227,29.388607
酒泉市,甘肃省,2011,395.5199154,506.0497303,19845.36636,15123.0,0.5925,43825.0,0.3542,99.1,0.334886176,0.419303848,2,525.1540844,96.4560478,40.2773513
开封市,河南省,2011,272.459002,294.9449134,26616.70142,52733.0,0.825,22972.0,0.34,543.4,0.186711815,0.318519732,3,647.1348091,114.497222,34.604167
克拉玛依市,新疆维吾尔自治区,2011,787.5035263,366.0777472,23660.75009,20199.0,0.777,129105.0,0.1015,37.8,0.717828042,0.262533658,7,709.2145308,84.8867252,45.5778068
昆明市,云南省,2011,173.0728613,5842.062614,121793.5892,334632.0,0.3605,38831.0,0.484,544.0,0.42310375,0.36966825,5,2852.939429,102.7086139,25.0363006
来宾市,广西壮族自治区,2011,211.590223,76.76541915,7508.124517,30468.0,0.4885,23055.0,0.2758,261.7,0.151813756,0.45022474,4,188.4312594,109.2169807,23.7532648
莱芜区,山东省,2011,379.9035126,171.7313123,9889.612339,39153.0,0.906,46983.0,0.3274,127.0,0.502170072,0.349316658,2,208.070031,117.6698329,36.2150252
兰州市,甘肃省,2011,395.5199154,3127.612239,122653.1841,119753.0,0.5925,37570.0,0.4878,323.3,0.683933931,0.419303848,2,3245.685638,103.733224,36.474436
廊坊市,河北省,2011,1571.707747,1295.034588,93736.82827,55069.0,0.9065,36773.0,0.3485,424.9,0.299147564,0.327444027,2,5702.904041,116.6926134,39.5302055
乐山市,四川省,2011,943.6513971,465.3051373,17028.5612,65088.0,0.2685,28339.0,0.2572,354.4,0.292239729,0.261713896,3,956.6925566,103.5966083,29.2233495
丽江市,云南省,2011,173.0728613,366.370234,7637.978008,8761.0,0.3605,14279.0,0.4124,121.2,0.156189439,0.36966825,5,178.9149065,100.2249797,26.8595868
丽水市,浙江省,2011,1949.888185,334.1805453,10326.96455,26295.0,0.6735,37706.0,0.4057,251.3,0.188640748,0.494226701,3,717.1983104,119.9184297,28.4704064
连云港市,江苏省,2011,2895.985472,481.5437716,25620.92222,63107.0,0.743,32119.0,0.3914,505.2,0.529979652,0.467833781,3,3221.489726,119.2171662,34.5933134
辽阳市,辽宁省,2011,1182.092053,394.821968,19947.8328,34972.0,0.8055,48594.0,0.305,182.4,0.446695285,0.283978355,1,738.5329993,123.1695757,41.2742898
辽源市,吉林省,2011,273.6442341,153.0926411,10654.10013,28084.0,0.727,40844.0,0.3198,122.5,0.450272653,0.221841062,1,173.0003792,125.1374905,42.8863846
聊城市,山东省,2011,379.9035126,541.3432379,31174.71527,43571.0,0.906,32968.0,0.3066,604.2,0.37263082,0.349316658,2,655.8926428,115.9642007,36.4441808
临沧市,云南省,2011,173.0728613,248.5931073,5182.595391,6859.0,0.3605,11166.0,0.2957,235.7,0.110987017,0.36966825,5,121.3990887,100.0879344,23.88848
临汾市,山西省,2011,304.395999,579.6030991,30947.26778,43749.0,0.8645,26220.0,0.3038,440.1,0.26834574,0.279611859,2,520.4979938,111.381767,36.229963
临沂市,山东省,2011,379.9035126,1136.243555,65433.6599,126612.0,0.906,27503.0,0.4004,1081.0,0.149979539,0.349316658,2,1376.67516,118.3506988,35.1032403
柳州市,广西壮族自治区,2011,211.590223,318.3644133,31137.97441,107170.0,0.4885,41832.0,0.2786,374.8,0.353765848,0.45022474,4,781.4691566,109.3414252,25.0009993
六安市,安徽省,2011,367.6111208,289.8639381,11467.09086,56425.0,0.8,14586.0,0.3249,709.6,0.137042926,0.378126869,3,388.8578571,116.5142252,31.7383487
六盘水市,贵州省,2011,176.9987884,241.1299832,22034.81854,36600.0,0.5755,21522.0,0.3211,321.4,0.225571935,0.347716182,3,338.5229789,104.8279652,26.5963778
龙岩市,福建省,2011,683.5680679,455.9989988,16671.99354,61435.0,0.5475,48554.0,0.3115,295.1,0.298393562,0.420220382,3,622.9994717,117.0123483,25.0767425
陇南市,甘肃省,2011,395.5199154,106.9977144,4196.047771,11700.0,0.5925,6457.0,0.438,283.2,0.170026907,0.419303848,2,111.0370847,105.3513561,33.5363816
娄底市,湖南省,2011,373.3779714,413.7798296,15217.38035,40211.0,0.5345,22362.0,0.294,435.8,0.195398256,0.285146154,3,463.8250728,111.9890658,27.6995215
泸州市,四川省,2011,943.6513971,466.9384154,17088.33353,54857.0,0.2685,21339.0,0.2574,503.0,0.182050457,0.261713896,3,960.0506647,105.5382725,28.5297899
洛阳市,河南省,2011,272.459002,800.2452979,72216.50279,124145.0,0.825,41198.0,0.3117,711.1,0.280366615,0.318519732,3,1755.807829,112.4477046,34.6196539
漯河市,河南省,2011,272.459002,111.2396499,10038.59506,45598.0,0.825,29487.0,0.1823,276.4,0.248865774,0.318519732,3,244.0694732,114.0107357,33.5826865
吕梁市,山西省,2011,304.395999,356.100105,19013.57209,14192.0,0.8645,30224.0,0.2203,389.2,0.219774872,0.279611859,2,319.7867481,111.3178885,37.6855567
马鞍山市,安徽省,2011,367.6111208,445.7711502,17634.81968,51137.0,0.8,52000.0,0.2607,228.6,0.290848469,0.378126869,3,598.010278,118.5048377,31.6866105
茂名市,广东省,2011,391.809207,194.9978128,14723.7885,41183.0,0.6145,29811.0,0.4179,761.3,0.375852857,0.474577918,4,347.392784,110.9209511,21.6656961
眉山市,四川省,2011,943.6513971,438.2200007,16037.33873,33575.0,0.2685,22793.0,0.2559,350.8,0.257300057,0.261713896,3,901.0040491,103.7790009,29.9866838
梅州市,广东省,2011,391.809207,152.1089123,11485.35679,41223.0,0.6145,16623.0,0.397,517.6,0.242328632,0.474577918,4,270.9852882,116.1171428,24.2918414
绵阳市,四川省,2011,943.6513971,911.198996,33346.73662,70634.0,0.2685,25755.0,0.314,543.4,0.26999205,0.261713896,3,1873.474473,104.7160723,31.4602714
牡丹江市,黑龙江省,2011,386.8706388,235.5792335,50999.54209,49370.0,0.8065,33675.0,0.4267,267.2,0.558136078,0.214110989,1,904.6377902,130.013384,44.635006
南昌市,江西省,2011,340.0863241,1225.28506,79797.93759,158000.0,0.699,53023.0,0.3625,505.0,0.500793822,0.377618462,3,2940.896925,116.0348483,28.6472124
南充市,四川省,2011,943.6513971,1003.872197,36738.25577,61389.0,0.2685,16386.0,0.258,756.2,0.1996621,0.261713896,3,2064.015593,106.231735,31.210219
南京市,江苏省,2011,2895.985472,2548.576667,135599.0637,495343.0,0.743,76263.0,0.524,636.4,0.922029353,0.467833781,3,17049.77622,118.7788631,32.0438284
南宁市,广西壮族自治区,2011,211.590223,627.2745533,61351.26343,226557.0,0.4885,31172.0,0.4867,711.5,0.283510864,0.45022474,4,1539.731502,108.3627211,22.8193063
南平市,福建省,2011,683.5680679,354.2495563,12951.88439,36524.0,0.5475,33775.0,0.3405,313.4,0.355242374,0.420220382,3,483.9863399,118.0753196,27.3856975
南通市,江苏省,2011,2895.985472,1111.233733,59124.08118,134605.0,0.743,56005.0,0.3852,764.9,0.50540115,0.467833781,3,7434.065738,120.8904588,31.9827896
南阳市,河南省,2011,272.459002,313.5597431,28296.55872,81493.0,0.825,21590.0,0.2813,1200.9,0.16027586,0.318519732,3,687.9773655,112.5292693,33.0010496
内江市,四川省,2011,943.6513971,374.3671647,13700.54543,45436.0,0.2685,23062.0,0.2117,426.1,0.20514682,0.261713896,3,769.7191609,104.9192806,29.6602202
宁波市,浙江省,2011,1949.888185,4616.944709,142674.4465,261208.0,0.6735,79524.0,0.4051,576.4,0.373440042,0.494226701,3,9908.610751,121.6203873,29.8622194
宁德市,福建省,2011,683.5680679,511.8806774,18715.10983,30143.0,0.5475,32936.0,0.3502,340.0,0.327191471,0.420220382,3,699.3466925,119.4385501,27.0143281
攀枝花市,四川省,2011,943.6513971,246.1558722,9008.454876,35255.0,0.2685,53032.0,0.207,111.7,0.54660949,0.261713896,3,506.1098015,101.7179276,26.5860102
盘锦市,辽宁省,2011,1182.092053,395.2289337,19968.39417,33622.0,0.8055,79584.0,0.2352,131.2,0.9768375,0.283978355,1,739.2942478,122.0524321,41.1796147
平顶山市,河南省,2011,272.459002,251.9422412,22736.01309,53408.0,0.825,30227.0,0.2528,548.9,0.251623429,0.318519732,3,552.7832039,113.3002154,33.7419956
平凉市,甘肃省,2011,395.5199154,323.353459,12680.70601,8756.0,0.5925,13320.0,0.3106,233.0,0.170074163,0.419303848,2,335.5606762,106.495648,35.22678
萍乡市,江西省,2011,340.0863241,72.33032163,4710.585869,36870.0,0.699,35350.0,0.267,190.3,0.319085129,0.377618462,3,173.6053326,113.9513109,27.5440835
莆田市,福建省,2011,683.5680679,792.6219078,28979.42179,131477.0,0.5475,37724.0,0.3222,326.5,0.192141991,0.420220382,3,1082.903759,118.8500963,25.4965882
濮阳市,河南省,2011,272.459002,168.0604155,15166.26901,35603.0,0.825,25066.0,0.2068,416.6,0.188768651,0.318519732,3,368.7391779,115.0234071,35.7631348
七台河市,黑龙江省,2011,386.8706388,43.84594486,9492.021336,31262.0,0.8065,33209.0,0.2806,92.7,0.570101618,0.214110989,1,168.3709472,131.0066556,45.7703578
齐齐哈尔市,黑龙江省,2011,386.8706388,249.6018034,54035.22836,52000.0,0.8065,19815.0,0.3592,567.4,0.371402397,0.214110989,1,958.4852643,124.6567611,47.7363891
钦州市,广西壮族自治区,2011,211.590223,131.3173082,12843.63079,38716.0,0.4885,22926.0,0.3091,391.2,0.112165849,0.45022474,4,322.3363598,108.620787,21.9647835
秦皇岛市,河北省,2011,1571.707747,725.7509786,52531.10264,61828.0,0.9065,35691.0,0.4772,289.8,0.429379158,0.327444027,2,3195.967296,119.5894129,39.9395724
青岛市,山东省,2011,379.9035126,4661.783962,268461.4446,275892.0,0.906,75563.0,0.4774,766.4,0.89092526,0.349316658,2,5648.227573,120.3777659,36.0663249
清远市,广东省,2011,391.809207,606.499397,45795.22569,47408.0,0.6145,26957.0,0.414,416.5,0.271774934,0.474577918,4,1080.491678,113.0505994,23.6832984
庆阳市,甘肃省,2011,395.5199154,342.1752629,13418.82634,11000.0,0.5925,20506.0,0.238,262.0,0.123093206,0.419303848,2,355.0930395,107.6216357,36.182368
曲靖市,云南省,2011,173.0728613,1360.433747,28361.91939,27810.0,0.3605,20588.0,0.2786,632.3,0.12677925,0.36966825,5,664.360404,103.7943084,25.4936418
衢州市,浙江省,2011,1949.888185,432.1354247,13354.00063,38485.0,0.6735,36508.0,0.3615,252.6,0.23810863,0.494226701,3,927.4232171,118.8540924,28.973887
泉州市,福建省,2011,683.5680679,1422.872564,52022.31201,144614.0,0.5475,52245.0,0.3411,689.5,0.287710602,0.420220382,3,1943.971057,118.338717,25.1901863
日照市,山东省,2011,379.9035126,363.7471683,20947.36502,56347.0,0.906,43205.0,0.3635,289.0,0.461972882,0.349316658,2,440.7168592,119.5213994,35.4178833
三门峡市,河南省,2011,272.459002,180.1842442,16260.35918,17869.0,0.825,46049.0,0.2331,225.6,0.306557624,0.318519732,3,395.3399133,111.0489969,34.4228647
三明市,福建省,2011,683.5680679,548.3174486,20047.29173,25672.0,0.5475,48376.0,0.3347,273.4,0.377134309,0.420220382,3,749.1276993,117.442474,26.3355765
三亚市,海南省,2011,237.1686911,1046.75377,37763.04097,48995.0,0.666,45421.0,0.6531,58.1,0.504873666,0.339264581,4,909.9486336,109.5034392,18.2534658
厦门市,福建省,2011,683.5680679,2272.159776,83073.50059,340503.0,0.5475,70832.0,0.4795,185.3,0.757846303,0.420220382,3,3104.29265,118.0768065,24.5438732
汕头市,广东省,2011,391.809207,266.3815959,20113.79626,320784.0,0.6145,23596.0,0.4329,529.4,0.975652588,0.474577918,4,474.5645239,116.6775856,23.3563921
汕尾市,广东省,2011,391.809207,121.7684215,9194.423557,27230.0,0.6145,18682.0,0.367,347.2,0.508652938,0.474577918,4,216.9330534,115.6308936,22.8017515
商洛市,陕西省,2011,637.7466754,95.27637596,4130.402516,12420.0,0.8195,15510.0,0.3563,247.9,0.173248084,0.294937198,2,121.9558899,109.9378112,33.8691156
商丘市,河南省,2011,272.459002,345.2331912,31154.86437,63076.0,0.825,17779.0,0.2816,926.8,0.195819206,0.318519732,3,757.4716674,115.6507447,34.4168215
上海,,2011,623.5759245,27374.36658,92431.62858,1219.058568,0.7085,81734.4,0.58,2214.64,0.84835,0.361247391,3,11953.74508,121.473691,31.23032
上饶市,江西省,2011,340.0863241,439.791995,28641.90163,20714.0,0.699,16813.0,0.3017,750.2,0.190201253,0.377618462,3,1055.577161,117.40539,28.7435852
韶关市,广东省,2011,391.809207,292.3190286,22072.26579,62842.0,0.6145,28760.0,0.4363,329.7,0.376069821,0.474577918,4,520.7726164,113.8155263,24.8309489
邵阳市,湖南省,2011,373.3779714,483.1015991,17766.79348,29608.0,0.5345,12797.0,0.3599,797.5,0.13209279,0.285146154,3,541.5310712,110.9631102,26.9443424
绍兴市,浙江省,2011,1949.888185,2466.04705,76206.65184,56133.0,0.6735,75820.0,0.3978,440.0,0.349908591,0.494226701,3,5292.482769,120.576854,29.9992425
深圳市,广东省,2011,391.809207,2122.958133,160299.1649,894161.0,0.6145,110421.0,0.535,267.9,1.02630586,0.474577918,4,3782.095426,114.0545429,22.5445741
沈阳市,辽宁省,2011,1182.092053,6072.851675,306822.4153,374687.0,0.8055,72648.0,0.4412,722.7,0.650109063,0.283978355,1,11359.55374,123.4279105,41.8026095
十堰市,湖北省,2011,725.553873,607.6605273,19597.74285,37564.0,0.3625,25427.0,0.3553,348.4,0.311290299,0.284834005,3,670.3491557,110.560812,32.45269
石家庄市,河北省,2011,1571.707747,3473.957278,251450.9959,181241.0,0.9065,39919.0,0.4007,997.3,0.43347029,0.327444027,2,15298.15897,114.5088385,38.0429742
石嘴山市,宁夏回族自治区,2011,471.0277529,556.9400924,13422.67792,15000.0,0.7985,50377.0,0.2993,75.1,0.61019281,0.450143466,7,328.7404344,106.3771974,38.9868531
双鸭山市,黑龙江省,2011,386.8706388,87.64853242,18974.65644,9043.0,0.8065,33215.0,0.2183,151.2,0.636083598,0.214110989,1,336.5753998,131.1331152,46.6738195
朔州市,山西省,2011,304.395999,375.438088,20046.10235,8347.0,0.8645,49692.0,0.3637,172.6,0.254829548,0.279611859,2,337.1527377,112.541339,39.592737
思茅区,云南省,2011,173.0728613,437.455366,9119.939764,13541.0,0.551495917,9773.0,0.3413,256.1,0.124799531,0.36966825,5,213.6289432,100.7910996,22.7618309
四平市,吉林省,2011,273.6442341,379.5754451,26415.60541,29302.0,0.727,28874.0,0.287,341.1,0.364851481,0.221841062,1,428.9343726,124.364739,43.1669821
松原市,吉林省,2011,273.6442341,437.5808242,30452.34494,24530.0,0.727,46749.0,0.3381,292.1,0.282625402,0.221841062,1,494.4826087,124.8170805,45.1386775
苏州市,江苏省,2011,2895.985472,3506.962048,186590.7258,323710.0,0.743,102129.0,0.4275,642.3,0.645063927,0.467833781,3,23461.29858,120.6212881,31.311123
宿迁市,江苏省,2011,2895.985472,555.4658112,29554.00357,47330.0,0.743,27839.0,0.376,555.1,0.48431461,0.467833781,3,3716.022321,118.2696994,33.9644701
宿州市,安徽省,2011,367.6111208,230.7010878,9126.593503,47325.0,0.8,14971.0,0.323,649.1,0.138527931,0.378126869,3,309.4897944,116.9588062,33.6482366
绥化市,黑龙江省,2011,386.8706388,356.4016638,77155.87399,44230.0,0.8065,15617.0,0.3533,581.9,0.261657226,0.214110989,1,1368.602864,126.9627244,46.6510432
随州市,湖北省,2011,725.553873,283.7271205,9150.522202,31128.0,0.3625,23914.0,0.329,259.4,0.185482498,0.284834005,3,312.997516,113.465844,31.920921
遂宁市,四川省,2011,943.6513971,493.4766002,18059.53945,35320.0,0.2685,18528.0,0.2535,382.7,0.220519624,0.261713896,3,1014.61461,105.574542,30.5061493
台州市,浙江省,2011,1949.888185,1951.883007,60317.77403,133290.0,0.6735,46011.0,0.4264,586.8,0.184966735,0.494226701,3,4189.014633,121.4163876,28.6581723
太原市,山西省,2011,304.395999,4838.031902,258321.3737,214104.0,0.8645,49292.0,0.5274,365.0,0.781803726,0.279611859,2,4344.672937,112.5437075,37.8699921
泰安市,山东省,2011,379.9035126,513.08079,29547.14573,60928.0,0.906,41850.0,0.3847,559.5,0.236675898,0.349316658,2,621.6497995,117.0809316,36.2002968
泰州市,江苏省,2011,2895.985472,667.5523411,35517.65721,48570.0,0.743,52395.0,0.3877,507.1,0.413255926,0.467833781,3,4465.872336,119.9181174,32.4579729
唐山市,河北省,2011,1571.707747,2228.708923,161317.7807,83610.0,0.9065,71565.0,0.3098,737.1,0.350621897,0.327444027,2,9814.497036,118.1738712,39.6295951
天津,,2011,735.2064247,9958.196754,53038.27138,653.441564,0.8825,82656.61,0.48048,1247.13,0.852558,0.240218623,2,8042.109947,117.1807,39.245
天水市,甘肃省,2011,395.5199154,546.1163344,21416.62782,50318.0,0.5925,10931.0,0.4149,369.6,0.299552922,0.419303848,2,566.7332801,105.7062921,34.5797531
铁岭市,辽宁省,2011,1182.092053,698.3336667,35282.34077,26260.0,0.8055,28647.0,0.2761,304.9,0.329605051,0.283978355,1,1306.26586,124.2858328,42.6345121
通化市,吉林省,2011,273.6442341,488.4367582,33991.5367,25313.0,0.727,34515.0,0.376,226.0,0.464107257,0.221841062,1,551.9517059,125.9339857,41.7260568
通辽市,内蒙古自治区,2011,293.2151833,1144.604532,63047.58648,42710.0,0.8895,46167.0,0.244,320.1,0.448563636,0.3264446,1,811.603743,122.2601035,43.6151762
铜川市,陕西省,2011,637.7466754,176.7050671,7660.482949,21778.0,0.8195,28034.0,0.2891,85.5,0.478910643,0.294937198,2,226.1864338,108.9403845,34.8972729
铜陵市,安徽省,2011,367.6111208,331.4023695,13110.36173,23320.0,0.8,79704.0,0.2336,74.2,0.637709164,0.378126869,3,444.5824343,117.6141351,30.9057603
铜仁市,贵州省,2011,176.9987884,400.9305192,36637.63054,24512.0,0.4575,11583.0,0.4314,427.2,0.540615508,0.347716182,3,562.8673461,108.584018,27.952938
威海市,山东省,2011,379.9035126,2098.035747,120821.0659,45000.0,0.906,75316.0,0.3792,253.8,0.532315336,0.349316658,2,2541.984668,122.1152599,37.5120997
潍坊市,山东省,2011,379.9035126,2422.525313,139507.6757,91782.0,0.906,38833.0,0.3448,877.6,0.567754544,0.349316658,2,2935.136931,119.1557515,36.7070287
渭南市,陕西省,2011,637.7466754,592.7092012,25695.0115,29875.0,0.8195,19424.0,0.3142,564.7,0.390475403,0.294937198,2,758.6810199,109.4643291,34.5169112
温州市,浙江省,2011,1949.888185,4162.00419,128615.7149,228783.0,0.6735,43132.0,0.4534,798.4,0.221383993,0.494226701,3,8932.244605,120.695345,27.9963899
乌海市,内蒙古自治区,2011,293.2151833,566.9603987,31229.55028,23044.0,0.8895,89521.0,0.2627,54.1,0.863452126,0.3264446,1,402.0141185,106.900469,39.4857837
乌兰察布市,内蒙古自治区,2011,293.2151833,683.3038743,37638.03036,30136.0,0.8895,32246.0,0.3002,288.8,0.270277078,0.3264446,1,484.5096858,113.1315646,40.9902685
乌鲁木齐市,新疆维吾尔自治区,2011,787.5035263,5373.102934,347280.4526,138318.0,0.777,52649.0,0.5378,249.4,0.805405694,0.262533658,7,10409.49007,87.6139038,43.8244074
无锡市,江苏省,2011,2895.985472,2567.136433,136586.5509,255957.0,0.743,107437.0,0.4403,468.0,0.757546239,0.467833781,3,17173.93959,120.2952752,31.5776626
芜湖市,安徽省,2011,367.6111208,1031.038916,40788.16082,67956.0,0.8,43095.0,0.2766,385.4,0.341257654,0.378126869,3,1383.157857,118.2141777,31.1800568
吴忠市,宁夏回族自治区,2011,471.0277529,446.5804564,10762.92713,9100.0,0.7985,21107.0,0.3076,139.8,0.307479828,0.450143466,7,263.5993624,106.5151923,37.4922984
梧州市,广西壮族自治区,2011,211.590223,119.3230761,11670.522,78773.0,0.4885,25394.0,0.2419,327.6,0.197703663,0.45022474,4,292.8948706,111.0139268,23.5715402
武汉市,湖北省,2011,725.553873,14647.97533,472413.8574,570686.0,0.3625,68315.0,0.4894,827.2,0.695310348,0.284834005,3,16159.11755,114.2999353,30.5951051
武威市,甘肃省,2011,395.5199154,284.5267552,11158.06878,13854.0,0.5925,15007.0,0.331,192.0,0.207068646,0.419303848,2,295.2681894,102.6359886,37.928881
西安市,陕西省,2011,637.7466754,8649.900208,374988.7548,468432.0,0.8195,45495.0,0.516,791.8,0.500941677,0.294937198,2,11072.06552,108.9423363,34.261004
西宁市,青海省,2011,181.3523795,2556.635856,96486.1287,84058.0,0.229,34743.0,0.4308,222.8,0.473620377,0.509909078,6,1412.809401,101.440811,36.824463
咸宁市,湖北省,2011,725.553873,753.1097056,24288.64421,11830.0,0.3625,26448.0,0.3435,295.3,0.266621944,0.284834005,3,830.8034381,114.3169418,29.8437545
咸阳市,陕西省,2011,637.7466754,1028.138102,44571.63867,39913.0,0.8195,27751.0,0.2707,525.7,0.22529028,0.294937198,2,1316.039741,108.7128495,34.3323227
湘潭市,湖南省,2011,373.3779714,570.3468588,20975.37014,62354.0,0.5345,40753.0,0.3141,290.3,0.290328901,0.285146154,3,639.3283442,112.626292,27.681864
襄阳市,湖北省,2011,725.553873,1670.545104,53876.97885,79415.0,0.3625,38671.0,0.2925,593.6,0.330783288,0.284834005,3,1842.885048,112.1163785,32.010998
孝感市,湖北省,2011,725.553873,657.0234178,21189.75219,39948.0,0.3625,19880.0,0.3229,528.9,0.346036113,0.284834005,3,724.8045144,113.9516901,30.919414
忻州市,山西省,2011,304.395999,373.5808727,19946.93839,14829.0,0.8645,18019.0,0.3854,310.1,0.234158658,0.279611859,2,335.4849122,112.385805,38.76502
新乡市,河南省,2011,272.459002,520.9057532,47008.076,67694.0,0.825,26198.0,0.2829,612.5,0.20272049,0.318519732,3,1142.912557,114.051111,35.308611
新余市,江西省,2011,340.0863241,118.6961481,7730.207547,28176.0,0.699,68155.0,0.2735,119.4,0.360761977,0.377618462,3,284.891368,114.8867147,27.853572
信阳市,河南省,2011,272.459002,553.6361094,49961.76015,57870.0,0.825,20603.0,0.3212,876.6,0.19531102,0.318519732,3,1214.725807,114.853333,32.075
邢台市,河北省,2011,1571.707747,375.2716423,27162.80617,42687.0,0.9065,20027.0,0.2916,736.9,0.269049722,0.327444027,2,1652.572206,114.499746,37.0616519
徐州市,江苏省,2011,2895.985472,746.1274099,39698.3067,151414.0,0.743,41407.0,0.4055,976.7,0.36543604,0.467833781,3,4991.533328,117.1810431,34.2665258
许昌市,河南省,2011,272.459002,315.8157515,28500.14759,34169.0,0.825,36924.0,0.2132,494.1,0.295503097,0.318519732,3,692.9272443,113.714722,34.147778
宣城市,安徽省,2011,367.6111208,1961.624885,77602.37763,29457.0,0.8,26360.0,0.3268,279.4,0.185930287,0.378126869,3,2631.55622,118.7540167,30.9412541
雅安市,四川省,2011,943.6513971,197.1940405,7216.620916,19039.0,0.2685,23147.0,0.2653,155.8,0.235786906,0.261713896,3,405.4416245,102.7416508,29.8931184
烟台市,山东省,2011,379.9035126,3388.705203,195147.7592,107600.0,0.906,70380.0,0.3494,651.8,0.658604617,0.349316658,2,4105.762585,121.4425255,37.461928
延安市,陕西省,2011,637.7466754,70.04717494,3036.671207,24185.0,0.8195,50807.0,0.1897,232.9,0.289423959,0.294937198,2,89.66194893,109.4873978,36.602796
盐城市,江苏省,2011,2895.985472,626.9504941,33357.4034,74480.0,0.743,38222.0,0.3782,820.7,0.376711027,0.467833781,3,4194.249193,120.1577019,33.349559
扬州市,江苏省,2011,2895.985472,578.2153511,30764.41107,91456.0,0.743,58950.0,0.387,460.1,0.526744621,0.467833781,3,3868.214942,119.4077658,32.3968554
阳江市,广东省,2011,391.809207,279.3623621,21093.94088,32189.0,0.6145,31490.0,0.3489,284.6,0.474124034,0.474577918,4,497.6900372,111.7831393,22.0958223
阳泉市,山西省,2011,304.395999,912.8616263,48741.23903,24553.0,0.8645,38500.0,0.3896,131.4,0.654098326,0.279611859,2,819.7724371,113.5740284,37.8563328
伊春市,黑龙江省,2011,386.8706388,51.81841421,11217.94718,42208.0,0.8065,18142.0,0.3043,126.3,0.855075693,0.214110989,1,198.9856875,129.1847514,47.9433709
宜宾市,四川省,2011,943.6513971,726.1343353,26574.00912,60334.0,0.2685,24424.0,0.2311,542.9,0.189147246,0.261713896,3,1492.97151,104.718661,28.58689
宜昌市,湖北省,2011,725.553873,1569.776475,50627.07599,69426.0,0.3625,52673.0,0.2825,398.8,0.344362939,0.284834005,3,1731.720735,111.2803512,30.6941332
宜春市,江西省,2011,340.0863241,309.7891587,20175.3345,28793.0,0.699,19823.0,0.2367,566.9,0.271436902,0.377618462,3,743.5477783,115.0153957,28.3803015
益阳市,湖南省,2011,373.3779714,637.265598,23436.40819,37837.0,0.5345,20496.0,0.3477,478.7,0.225160769,0.285146154,3,714.3406741,112.056694,28.438707
银川市,宁夏回族自治区,2011,471.0277529,2493.184148,60087.62569,50047.0,0.7985,48964.0,0.42,162.2,0.672976572,0.450143466,2,1471.631242,106.2261926,38.4852037
鹰潭市,江西省,2011,340.0863241,94.17804057,6133.440818,11012.0,0.699,37834.0,0.2649,122.0,0.291840492,0.377618462,3,226.0436521,117.1143221,28.2378405
营口市,辽宁省,2011,1182.092053,959.0541301,48454.88089,70548.0,0.8055,50220.0,0.3757,235.5,0.484236603,0.283978355,1,1793.955708,122.2357736,40.6747155
永州市,湖南省,2011,373.3779714,681.5417668,25064.7314,49650.0,0.5345,18168.0,0.3762,631.2,0.160140653,0.285146154,3,763.9718927,111.6979977,25.781344
榆林市,陕西省,2011,637.7466754,252.7319635,10956.38586,20566.0,0.8195,68358.0,0.2402,370.7,0.191355921,0.294937198,2,323.5025599,109.7290052,38.2851459
玉林市,广西壮族自治区,2011,211.590223,147.6174818,14437.88683,51541.0,0.4885,18501.0,0.3408,684.8,0.109279702,0.45022474,4,362.3473735,110.2143149,22.4199189
玉溪市,云南省,2011,173.0728613,624.2065456,13013.27298,19134.0,0.3605,37913.0,0.2772,231.8,0.159917688,0.36966825,5,304.8278636,102.527044,24.3511487
岳阳市,湖南省,2011,373.3779714,793.8895599,29196.49176,64803.0,0.5345,34629.0,0.3007,569.2,0.592715847,0.285146154,3,889.9077639,113.348653,29.060703
云浮市,广东省,2011,391.809207,104.1824471,7866.551398,21839.0,0.6145,20302.0,0.3265,286.1,0.35825949,0.474577918,4,185.6032631,111.8078586,22.8546663
运城市,山西省,2011,304.395999,815.8508068,43561.45339,45384.0,0.8645,19733.0,0.3522,516.7,0.186529088,0.279611859,2,732.6543092,111.002141,35.027637
枣庄市,山东省,2011,379.9035126,815.0392538,46936.24099,66805.0,0.906,41746.0,0.3297,394.2,0.319982738,0.349316658,2,987.5033301,117.3178922,34.8108822
湛江市,广东省,2011,391.809207,386.5299394,29185.89186,107749.0,0.6145,24163.0,0.3797,792.1,0.443975559,0.474577918,4,688.6113737,110.3548318,21.2737079
张家界市,湖南省,2011,373.3779714,19.39820286,713.3983097,16387.0,0.5345,20082.0,0.6139,168.4,0.188001306,0.285146154,3,21.74434859,110.530142,29.373828
张家口市,河北省,2011,1571.707747,918.123126,66455.32916,44505.0,0.9065,25649.0,0.3969,467.4,0.342560633,0.327444027,2,4043.110613,114.8782861,40.8171433
张掖市,甘肃省,2011,395.5199154,301.3858733,11819.21996,15107.0,0.5925,21357.0,0.3476,130.9,0.295766081,0.419303848,2,312.7637717,99.924947,39.121833
漳州市,福建省,2011,683.5680679,1159.019475,42375.4553,67471.0,0.5475,36641.0,0.3612,479.2,0.294658097,0.420220382,3,1583.487074,117.4524304,24.2388257
长春市,吉林省,2011,273.6442341,3956.582528,275348.4826,258996.0,0.727,52649.0,0.4047,761.8,0.449765582,0.221841062,1,4471.085436,125.3180998,43.8844201
长沙市,湖南省,2011,373.3779714,7013.173063,257920.0684,417589.0,0.5345,79530.0,0.3958,656.6,0.382733932,0.285146154,3,7861.392155,113.2384362,28.1450774
长治市,山西省,2011,304.395999,833.4261406,44499.86894,35647.0,0.8645,36425.0,0.2809,334.3,0.313679031,0.279611859,2,748.4373959,113.0992929,36.1830167
昭通市,云南省,2011,173.0728613,3959.1405,82538.98724,21637.0,0.3605,8877.0,0.3238,579.3,0.086851062,0.36966825,5,1933.424679,103.7146923,27.3417508
肇庆市,广东省,2011,391.809207,514.7693204,38868.92109,43533.0,0.6145,33642.0,0.3856,426.9,0.308356102,0.474577918,4,917.0725801,112.4603629,23.0501661
镇江市,江苏省,2011,2895.985472,413.7560681,22014.22314,74163.0,0.743,73981.0,0.4059,271.9,0.469912836,0.467833781,3,2767.995353,119.4200069,32.1891959
郑州市,河南省,2011,272.459002,3090.092506,278859.0882,351648.0,0.825,56855.0,0.3964,1010.1,0.329159846,0.318519732,2,6779.931891,113.619321,34.7472531
中山市,广东省,2011,391.809207,1116.354529,84293.08893,297772.0,0.6145,70014.0,0.4156,150.7,0.582762177,0.474577918,4,1988.809526,113.3872302,22.5197073
中卫市,宁夏回族自治区,2011,471.0277529,233.6959083,5632.248335,7441.0,0.7985,19624.0,0.3866,119.2,0.248419966,0.450143466,7,137.9417561,105.496587,36.985074
重庆,,2011,840.7413547,23734.29049,119132.2484,760.055086,0.6015,35535.0,0.36562,2737.92,0.60478,0.265612972,3,13865.88243,106.33,29.35
舟山市,浙江省,2011,1949.888185,714.2244639,22071.21517,50967.0,0.6735,79765.0,0.4498,97.0,0.377883918,0.494226701,3,1532.825851,122.2030363,29.9873344
周口市,河南省,2011,272.459002,498.0770089,44947.94259,20574.0,0.825,15734.0,0.2585,1238.5,0.134647929,0.318519732,3,1092.824305,114.911944,33.808333
珠海市,广东省,2011,391.809207,919.4215432,69423.18045,148805.0,0.6145,89794.0,0.4299,106.0,1.029960189,0.474577918,4,1637.96919,113.5721327,22.273734
株洲市,湖南省,2011,373.3779714,1461.288319,53741.09263,74441.0,0.5345,40431.0,0.3103,391.4,0.265305468,0.285146154,3,1638.026101,113.55087,27.049812
驻马店市,河南省,2011,272.459002,483.9464268,43672.75705,30215.0,0.825,17396.0,0.301,892.1,0.174305773,0.318519732,3,1061.820578,114.0164565,33.0115818
资阳市,四川省,2011,943.6513971,651.4375251,23840.36382,27251.0,0.2685,22931.0,0.2286,503.9,0.157052471,0.261713896,3,1339.390824,105.1336656,30.0928618
淄博市,山东省,2011,379.9035126,1174.380856,67629.89956,152309.0,0.906,72176.0,0.3622,423.8,0.41467569,0.349316658,2,1422.882396,118.0488401,36.8129564
自贡市,四川省,2011,943.6513971,523.1731907,19146.33211,54164.0,0.2685,29101.0,0.2854,327.1,0.345197187,0.261713896,3,1075.672408,104.6928392,29.2995746
遵义市,贵州省,2011,176.9987884,539.0175718,49256.23195,79382.0,0.5755,18330.0,0.4252,771.9,0.155357326,0.347716182,3,756.7281003,106.9155974,27.6912954
