x1,x2,x3,x4,x5,x6,x7,x8,y
0.634,2981,0.5930 ,9437,1.1579,0.1293 ,0.0521 ,50,0.2938
0.658,3098,0.6055 ,11582,1.1334,0.1357 ,0.0469 ,51,0.3042
0.682,3255,0.6013 ,14645,1.0472,0.1397 ,0.0430 ,41,0.3269
0.701,3376,0.5952 ,16655,1.0988,0.1397 ,0.0486 ,41,0.3474
0.718,3486,0.5809 ,20744,1.1769,0.1397 ,0.0469 ,41,0.3577
0.745,3632,0.5889 ,23588,1.1494,0.1575 ,0.0435 ,37,0.3903
0.752,3715,0.5737 ,28205,1.1414,0.1575 ,0.0441 ,37,0.4439
0.763,3783,0.5566 ,32325,1.1176,0.1575 ,0.0499 ,38,0.4644
0.772,3862,0.5588 ,35470,1.102,0.1575 ,0.0506 ,39,0.4932
0.781,3891,0.5483 ,36953,1.0737,0.1575 ,0.0503 ,41,0.5254
0.789,3876,0.5327 ,43285,1.1218,0.1575 ,0.0481 ,42,0.6217
0.796,3891,0.5345 ,50505,1.08,0.1575 ,0.0434 ,46,0.7489
0.803,3890,0.5389 ,56466,1.1363,0.1575 ,0.0362 ,48,0.8575
0.812,3904,0.5491 ,62909,1.1749,0.1952 ,0.0336 ,53,1.0155
0.821,3913,0.5358 ,73076,1.1415,0.1952 ,0.0351 ,56,0.9245
0.829,3925,0.5190 ,84174,1.1498,0.1952 ,0.0363 ,58,0.8351
0.835,3926,0.5427 ,93975,1.0848,0.1959 ,0.0362 ,61,1.0032
0.838,3905,0.5419 ,82888,1.2346,0.1959 ,0.0374 ,63,1.0507
0.84,3923,0.5348 ,57985,1.1595,0.1959 ,0.0357 ,66,1.0092
0.512,1048,0.4897 ,1944,0.4538,0.0779 ,0.0401 ,28,0.2281
0.534,1092,0.4903 ,3172,0.4346,0.0779 ,0.0430 ,29,0.2302
0.551,1126,0.4894 ,2987,0.5456,0.0878 ,0.0439 ,28,0.2461
0.567,1153,0.4658 ,4473,0.5454,0.0912 ,0.0430 ,30,0.2629
0.582,1172,0.4573 ,5712,0.5119,0.0940 ,0.0391 ,32,0.2557
0.601,1216,0.4547 ,6801,0.5042,0.0994 ,0.0379 ,32,0.2646
0.618,1288,0.4506 ,9942,0.4179,0.1026 ,0.0400 ,35,0.2678
0.632,1301,0.4420 ,14255,0.4668,0.1054 ,0.0396 ,44,0.2966
0.648,1320,0.4302 ,17894,0.4836,0.1082 ,0.0344 ,48,0.3171
0.663,1349,0.4127 ,23069,0.5199,0.1114 ,0.0257 ,48,0.3495
0.678,1362,0.3975 ,23331,0.5205,0.1147 ,0.0233 ,46,0.3828
0.692,1387,0.3856 ,27085,0.5339,0.1175 ,0.0225 ,49,0.4067
0.705,1395,0.3743 ,37496,0.5551,0.1208 ,0.0216 ,51,0.4653
0.718,1403,0.3664 ,42287,0.5506,0.1241 ,0.0207 ,53,0.489
0.731,1409,0.3589 ,42951,0.5486,0.1249 ,0.0204 ,58,0.5179
0.743,1415,0.3504 ,50311,0.583,0.1318 ,0.0214 ,62,0.5307
0.754,1431,0.3559 ,51182,0.5569,0.1318 ,0.0215 ,63,0.6248
0.763,1441,0.3546 ,48773,0.6038,0.1345 ,0.0202 ,67,0.6989
0.771,1449,0.3403 ,32918,1.135,0.1368 ,0.0198 ,69,0.775
0.478,1169,0.6089 ,657,1.0067,0.0403 ,0.0495 ,34,0.2612
0.501,1220,0.6019 ,980,0.9661,0.0413 ,0.0575 ,34,0.2762
0.521,1252,0.5912 ,1619,0.901,0.0424 ,0.0493 ,35,0.3003
0.539,1276,0.5828 ,2631,0.9276,0.0434 ,0.0489 ,37,0.3342
0.556,1294,0.5738 ,4084,0.9752,0.0452 ,0.0446 ,38,0.3551
0.576,1378,0.5599 ,5937,0.9547,0.0500 ,0.0400 ,39,0.3772
0.593,1448,0.5485 ,10419,0.9637,0.0625 ,0.0361 ,41,0.379
0.608,1492,0.5376 ,16270,0.9857,0.0683 ,0.0377 ,42,0.403
0.623,1516,0.5288 ,19299,1.0008,0.0703 ,0.0295 ,45,0.4178
0.637,1551,0.5075 ,21310,0.974,0.0708 ,0.0261 ,47,0.4374
0.651,1565,0.4749 ,22127,0.9902,0.0712 ,0.0259 ,50,0.4647
0.664,1580,0.4739 ,30437,0.9913,0.0717 ,0.0256 ,53,0.5083
0.677,1596,0.4706 ,21966,1.062,0.0731 ,0.0249 ,57,0.58
0.689,1605,0.4740 ,18941,1.0431,0.0741 ,0.0232 ,62,0.6894
0.701,1611,0.4727 ,15977,1.0783,0.0750 ,0.0215 ,66,0.7187
0.712,1613,0.4636 ,18906,1.1295,0.0755 ,0.0205 ,68,0.775
0.723,1616,0.4773 ,19682,1.131,0.0770 ,0.0189 ,66,0.8911
0.732,1619,0.4830 ,19642,1.2051,0.0777 ,0.0182 ,67,0.9562
0.74,1620,0.4773 ,14134,1.1629,0.0779 ,0.0187 ,71,1.0231
0.445,804,0.6144 ,418,0.4438,0.0238 ,0.0387 ,33,0.5859
0.467,973,0.6061 ,568,0.4245,0.0246 ,0.0546 ,29,0.6608
0.486,995,0.5975 ,652,0.3732,0.0257 ,0.0663 ,32,0.6497
0.503,1007,0.5867 ,1147,0.344,0.0275 ,0.0620 ,32,0.6422
0.519,1015,0.5734 ,1440,0.3209,0.0305 ,0.0618 ,34,0.7534
0.538,1048,0.5589 ,2823,0.3344,0.0349 ,0.0604 ,33,0.5646
0.555,1095,0.5512 ,5294,0.37,0.0396 ,0.0587 ,33,0.5581
0.57,1137,0.5366 ,7286,0.3502,0.0419 ,0.0582 ,39,0.5698
0.585,1162,0.5185 ,8638,0.3574,0.0425 ,0.0546 ,39,0.5724
0.599,1178,0.4998 ,9592,0.3388,0.0466 ,0.0438 ,43,0.5977
0.613,1182,0.4966 ,10045,0.3549,0.0573 ,0.0330 ,44,0.7709
0.626,1195,0.4808 ,11055,0.3828,0.0597 ,0.0304 ,46,1.0008
0.639,1199,0.4810 ,11312,0.334,0.0608 ,0.0276 ,48,1.0118
0.651,1202,0.4759 ,12753,0.3076,0.0613 ,0.0265 ,48,0.8284
0.663,1206,0.4765 ,11791,0.3209,0.0700 ,0.0248 ,51,0.7365
0.674,1208,0.4630 ,13269,0.3336,0.0712 ,0.0258 ,53,0.7445
0.685,1224,0.4760 ,12419,0.2956,0.0716 ,0.0238 ,56,0.8394
0.694,1227,0.4907 ,12945,0.3205,0.0717 ,0.0207 ,57,0.9397
0.702,1229,0.4802 ,10490,0.3292,0.0721 ,0.0143 ,57,1.0703
0.523,715,0.6498 ,926,1.0584,0.0230 ,0.0858 ,43,0.5779
0.546,726,0.6453 ,1852,0.9649,0.0253 ,0.0864 ,47,0.5815
0.566,736,0.6235 ,4161,0.9172,0.0269 ,0.0848 ,50,0.4982
0.584,742,0.6047 ,5153,0.9304,0.0374 ,0.0795 ,53,0.5784
0.601,746,0.5914 ,7656,0.9216,0.0756 ,0.0733 ,59,1.0184
0.621,1233,0.5838 ,11933,0.9168,0.0778 ,0.0651 ,37,1.0066
0.638,1309,0.5708 ,20154,0.9107,0.0823 ,0.0585 ,39,0.8859
0.653,1366,0.5584 ,30390,0.9246,0.0848 ,0.0536 ,40,1.0005
0.668,1406,0.5378 ,41214,0.9111,0.0857 ,0.0471 ,43,0.7995
0.682,1440,0.5163 ,36280,0.9037,0.0866 ,0.0414 ,45,0.7034
0.696,1421,0.5011 ,39777,0.9785,0.0864 ,0.0290 ,48,0.7721
0.709,1448,0.4814 ,42399,0.9347,0.0847 ,0.0220 ,50,0.866
0.722,1458,0.4835 ,48403,0.9284,0.0868 ,0.0185 ,53,1.0165
0.734,1463,0.4883 ,51022,0.9211,0.0873 ,0.0173 ,54,1.0186
0.746,1468,0.4739 ,45080,0.9638,0.0878 ,0.0168 ,56,0.8458
0.757,1473,0.4651 ,54475,0.9829,0.0886 ,0.0192 ,59,0.8419
0.767,1484,0.4792 ,48628,1.0294,0.0889 ,0.0211 ,60,0.974
0.776,1491,0.4832 ,48236,1.1114,0.0892 ,0.0218 ,62,1.0022
0.784,1497,0.4681 ,34948,1.0669,0.0897 ,0.0196 ,65,1.0066
0.389,915,0.5613 ,325,0.5233,0.0072 ,0.0718 ,29,0.2646
0.412,906,0.5565 ,464,0.5176,0.0074 ,0.1000 ,30,0.267
0.432,897,0.5607 ,807,0.4891,0.0077 ,0.1000 ,32,0.2806
0.45,893,0.5615 ,1407,0.5029,0.0086 ,0.0785 ,34,0.3052
0.467,892,0.5620 ,2573,0.4885,0.0117 ,0.0483 ,35,0.3059
0.487,910,0.5532 ,5618,0.444,0.0156 ,0.0411 ,36,0.3212
0.504,924,0.5469 ,7406,0.4408,0.0176 ,0.0366 ,39,0.3442
0.519,938,0.5323 ,6684,0.5069,0.0195 ,0.0333 ,42,0.3871
0.534,948,0.5186 ,6613,0.4737,0.0214 ,0.0306 ,44,0.4017
0.548,954,0.4999 ,6946,0.4627,0.0237 ,0.0283 ,46,0.4203
0.562,959,0.5089 ,7201,0.6945,0.0256 ,0.0249 ,47,0.4554
0.575,960,0.4946 ,7608,0.7363,0.0269 ,0.0234 ,51,0.4684
0.588,961,0.4953 ,13246,0.6922,0.0282 ,0.0211 ,55,0.5887
0.6,962,0.4922 ,13161,0.6114,0.0291 ,0.0206 ,57,0.7733
0.612,965,0.4897 ,9476,0.6205,0.0301 ,0.0199 ,60,1.0095
0.623,966,0.4739 ,10027,0.5478,0.0362 ,0.0189 ,64,0.8459
0.634,736,0.4840 ,14183,0.5215,0.0286 ,0.0200 ,65,1.0324
0.643,737,0.4881 ,19265,0.6583,0.0289 ,0.0183 ,66,0.9168
0.651,737,0.4849 ,12028,0.7101,0.0289 ,0.0118 ,67,0.9171
0.324,470,0.4334 ,133,0.8126,0.0064 ,0.0107 ,19,1.045
0.347,474,0.4494 ,189,0.774,0.0067 ,0.0184 ,20,0.9436
0.367,477,0.4650 ,343,0.7899,0.0072 ,0.0392 ,20,1.0006
0.385,478,0.4801 ,468,0.7111,0.0071 ,0.0390 ,21,0.9481
0.402,478,0.4827 ,564,0.6622,0.0074 ,0.0379 ,23,1.003
0.422,481,0.4555 ,842,0.5649,0.0148 ,0.0394 ,25,1.014
0.439,484,0.4579 ,997,0.5323,0.0165 ,0.0429 ,28,1.0206
0.454,485,0.4590 ,1215,0.552,0.0171 ,0.0477 ,32,0.8703
0.469,486,0.4550 ,1794,0.6264,0.0175 ,0.0313 ,37,0.8079
0.483,488,0.4517 ,2195,0.5592,0.0190 ,0.0193 ,43,0.7197
0.497,488,0.4435 ,3094,0.7879,0.0194 ,0.0133 ,45,0.9063
0.51,490,0.4343 ,4201,0.7699,0.0198 ,0.0109 ,47,0.9427
0.523,487,0.4284 ,9429,0.6989,0.0203 ,0.0111 ,48,1.0052
0.535,487,0.4288 ,10591,0.6564,0.0211 ,0.0119 ,48,0.9209
0.547,485,0.4112 ,6406,1.4654,0.0216 ,0.0114 ,49,1.0312
0.558,481,0.3961 ,7563,1.5669,0.0219 ,0.0120 ,53,1.0061
0.569,478,0.4048 ,8355,1.5169,0.0212 ,0.0134 ,54,0.9588
0.578,471,0.4078 ,7823,1.6521,0.0213 ,0.0118 ,55,1.0359
0.586,446,0.4027 ,4823,1.6704,0.0235 ,0.0089 ,56,1.0351
0.401,688,0.5568 ,249,0.7461,0.0265 ,0.0371 ,26,0.3794
0.424,691,0.5632 ,392,0.7707,0.0266 ,0.0472 ,29,0.395
0.443,692,0.5672 ,427,0.7066,0.0276 ,0.0585 ,30,0.385
0.461,693,0.5663 ,763,0.7993,0.0285 ,0.0634 ,29,0.4019
0.478,692,0.5658 ,1067,0.8277,0.0294 ,0.0566 ,32,0.4182
0.498,697,0.5561 ,1930,0.8316,0.0306 ,0.0638 ,32,0.4325
0.515,698,0.5480 ,2557,0.8422,0.0328 ,0.0562 ,33,0.4642
0.53,696,0.5359 ,3387,0.5136,0.0332 ,0.0503 ,35,0.3807
0.545,698,0.5236 ,4232,0.4835,0.0341 ,0.0380 ,42,0.3914
0.559,700,0.5156 ,4063,0.785,0.0348 ,0.0280 ,43,0.4158
0.573,700,0.4949 ,4876,0.8595,0.0361 ,0.0145 ,44,0.4509
0.586,700,0.4985 ,5247,0.9047,0.0376 ,0.0186 ,45,0.4593
0.599,698,0.4873 ,8150,0.9815,0.0400 ,0.0150 ,33,0.4972
0.611,696,0.4784 ,9297,1.0396,0.0415 ,0.0156 ,51,0.5627
0.623,694,0.4703 ,6280,1.1898,0.0427 ,0.0167 ,55,0.6263
0.634,690,0.4575 ,7385,1.2239,0.0421 ,0.0171 ,58,0.6818
0.645,685,0.4769 ,6768,1.223,0.0452 ,0.0182 ,60,0.8526
0.654,680,0.4816 ,6897,1.3558,0.0463 ,0.0152 ,61,1.0015
0.662,675,0.4722 ,4510,1.2489,0.0474 ,0.0115 ,62,1.0152
0.432,696,0.6071 ,193,0.4406,0.0350 ,0.0470 ,31,0.2744
0.455,699,0.6067 ,425,0.4303,0.0360 ,0.0485 ,32,0.3141
0.474,785,0.5941 ,490,0.3983,0.0361 ,0.0587 ,28,0.3331
0.492,790,0.5919 ,994,0.4141,0.0369 ,0.0562 ,28,0.3384
0.509,798,0.5835 ,1261,0.4094,0.0402 ,0.0596 ,28,0.3363
0.529,810,0.5642 ,1752,0.417,0.0424 ,0.0560 ,30,0.3772
0.546,815,0.5482 ,2702,0.3819,0.0450 ,0.0567 ,35,0.3923
0.561,820,0.5368 ,5099,0.4431,0.0469 ,0.0633 ,40,0.3986
0.576,824,0.5256 ,8176,0.4426,0.0500 ,0.0815 ,45,0.4187
0.59,826,0.5051 ,7621,0.4753,0.0533 ,0.0316 ,46,0.4105
0.604,827,0.4953 ,8427,0.4912,0.0548 ,0.0296 ,46,0.4278
0.617,828,0.4848 ,11004,0.5121,0.0558 ,0.0275 ,46,0.4463
0.63,830,0.4867 ,14713,0.4772,0.0569 ,0.0255 ,48,0.4864
0.642,572,0.4842 ,11388,0.8387,0.0578 ,0.0158 ,71,0.594
0.654,832,0.4794 ,7223,0.9519,0.0591 ,0.0113 ,50,0.6521
0.665,834,0.4704 ,7501,1.0146,0.0614 ,0.0132 ,54,0.6002
0.676,836,0.4853 ,7498,1.0301,0.0615 ,0.0119 ,55,0.6438
0.685,839,0.4885 ,7002,1.186,0.0622 ,0.0079 ,56,0.6723
0.693,840,0.4763 ,5132,1.0728,0.0615 ,0.0057 ,56,0.7085
0.367,808,0.5576 ,169,0.5497,0.0237 ,0.0396 ,25,1.0802
0.39,799,0.5681 ,368,0.5007,0.0237 ,0.0513 ,25,0.3618
0.41,790,0.5715 ,528,0.4947,0.0250 ,0.0496 ,27,0.3841
0.428,800,0.5765 ,644,0.4782,0.0261 ,0.0503 ,27,0.4045
0.445,806,0.5717 ,841,0.5029,0.0268 ,0.0440 ,30,0.4256
0.465,799,0.5764 ,1099,0.4727,0.0281 ,0.0477 ,31,0.4167
0.482,795,0.5662 ,1957,0.4204,0.0294 ,0.0432 ,32,0.4559
0.497,793,0.5580 ,3444,0.4792,0.0320 ,0.0394 ,37,0.45
0.512,790,0.5466 ,2899,0.4903,0.0329 ,0.0319 ,41,0.4487
0.526,789,0.5312 ,4325,0.4561,0.0339 ,0.0206 ,46,1.1137
0.54,787,0.5189 ,4493,0.5206,0.0351 ,0.0214 ,48,0.4525
0.553,786,0.5000 ,6276,0.6491,0.0372 ,0.0242 ,51,0.4472
0.566,784,0.4965 ,9894,0.6263,0.0389 ,0.0256 ,56,0.4528
0.578,783,0.5025 ,9619,0.5593,0.0409 ,0.0221 ,62,0.4656
0.59,781,0.4895 ,5537,1.0003,0.0437 ,0.0204 ,66,0.4828
0.601,780,0.4768 ,6150,1.0306,0.0474 ,0.0197 ,67,0.4823
0.612,781,0.4820 ,4745,0.9573,0.0483 ,0.0212 ,65,0.5137
0.621,778,0.4901 ,4796,1.0514,0.0485 ,0.0125 ,68,0.5204
0.629,779,0.4841 ,4705,0.9505,0.0485 ,0.0097 ,70,0.5131
0.534,398,0.5126 ,3181,0.4576,0.0191 ,0.0403 ,39,0.2358
0.557,401,0.5063 ,4282,0.4411,0.0254 ,0.0453 ,41,0.2478
0.577,405,0.5017 ,4192,0.4258,0.0252 ,0.0472 ,45,0.2619
0.595,408,0.4987 ,4918,0.4609,0.0257 ,0.0478 ,46,0.2774
0.612,412,0.4641 ,6422,0.4811,0.0270 ,0.0542 ,48,0.2794
0.632,415,0.4730 ,7177,0.4951,0.0249 ,0.0504 ,52,0.2949
0.649,419,0.4650 ,8663,0.502,0.0261 ,0.0462 ,57,0.3183
0.664,422,0.4459 ,11138,0.483,0.0273 ,0.0436 ,63,0.3272
0.679,426,0.4224 ,13012,0.4932,0.0279 ,0.0427 ,66,0.3345
0.693,431,0.4161 ,13678,0.5006,0.0298 ,0.0467 ,71,0.367
0.707,436,0.3939 ,16622,0.5385,0.0305 ,0.0474 ,81,0.4041
0.72,443,0.3610 ,22562,0.5489,0.0326 ,0.0431 ,87,0.4375
0.733,454,0.3384 ,27303,0.5275,0.0356 ,0.0352 ,93,0.4563
0.745,459,0.3281 ,37824,0.4966,0.0365 ,0.0334 ,97,0.4675
0.757,472,0.3138 ,44861,0.535,0.0385 ,0.0278 ,101,0.4851
0.768,483,0.2976 ,56789,0.537,0.0395 ,0.0311 ,104,0.5233
0.778,495,0.2999 ,60204,0.5244,0.0476 ,0.0313 ,102,0.5321
0.787,503,0.2970 ,60712,0.5538,0.0492 ,0.0289 ,104,0.5461
0.795,511,0.2825 ,41925,0.5362,0.0510 ,0.0308 ,111,0.5788
0.498,215,0.5506 ,562,0.5676,0.0197 ,0.0657 ,85,0.245
0.521,219,0.5543 ,1110,0.5216,0.0366 ,0.0588 ,90,0.2471
0.541,223,0.5576 ,1362,0.5125,0.0393 ,0.0508 ,93,0.2687
0.559,226,0.5585 ,1885,0.5419,0.0428 ,0.0446 ,97,0.2868
0.576,227,0.5450 ,2542,0.5238,0.0455 ,0.0350 ,100,0.2952
0.596,227,0.5537 ,2656,0.5127,0.0489 ,0.0309 ,111,0.3169
0.613,228,0.5463 ,4018,0.5243,0.0518 ,0.0317 ,103,0.3514
0.628,228,0.5207 ,6682,0.5392,0.0535 ,0.0291 ,109,0.3645
0.643,228,0.5105 ,8653,0.5692,0.0554 ,0.0308 ,115,0.3732
0.657,228,0.5197 ,10176,0.5589,0.0581 ,0.0356 ,123,0.3747
0.671,229,0.5076 ,13695,0.6043,0.0520 ,0.0357 ,132,0.4118
0.684,230,0.4975 ,16043,0.6008,0.0527 ,0.0352 ,139,0.4142
0.697,232,0.5045 ,20493,0.5839,0.0543 ,0.0278 ,150,0.4438
0.709,236,0.4920 ,22172,0.6003,0.0571 ,0.0270 ,153,0.4726
0.721,241,0.4725 ,17364,0.6348,0.0595 ,0.0137 ,158,0.4905
0.732,245,0.4598 ,20484,0.6144,0.0614 ,0.0137 ,160,0.4897
0.743,248,0.4671 ,17312,0.5956,0.0636 ,0.0156 ,163,0.5351
0.752,250,0.4610 ,16320,0.6514,0.0651 ,0.0166 ,169,0.5511
0.76,251,0.4583 ,11689,0.6605,0.0654 ,0.0200 ,182,0.5382
0.356,637,0.5459 ,465,0.4557,0.0124 ,0.0156 ,22,0.2485
0.379,642,0.5528 ,663,0.596,0.0130 ,0.0177 ,24,0.2799
0.399,649,0.5435 ,644,0.6035,0.0137 ,0.0200 ,24,0.2866
0.417,655,0.5359 ,854,0.6171,0.0145 ,0.0076 ,25,0.3086
0.434,661,0.5194 ,1058,0.6974,0.0148 ,0.0065 ,26,0.3131
0.454,668,0.5160 ,1259,0.756,0.0157 ,0.0042 ,28,0.3348
0.471,677,0.5053 ,1654,0.7628,0.0165 ,0.0021 ,28,0.2997
0.486,679,0.4930 ,2046,0.7488,0.0174 ,0.0075 ,36,0.3404
0.501,685,0.4818 ,2626,0.7743,0.0183 ,0.0086 ,36,0.3559
0.515,674,0.4878 ,3806,0.8003,0.0191 ,0.0086 ,38,0.3573
0.529,671,0.4634 ,5524,0.8424,0.0200 ,0.0045 ,42,0.369
0.542,677,0.4360 ,9338,0.9235,0.0206 ,0.0033 ,43,0.3862
0.555,682,0.4318 ,10499,0.9804,0.0211 ,0.0046 ,48,0.3991
0.567,684,0.4368 ,12471,0.9767,0.0215 ,0.0061 ,50,0.4357
0.579,687,0.4214 ,9148,1.1591,0.0221 ,0.0080 ,52,0.4758
0.59,689,0.4103 ,14114,1.0682,0.0228 ,0.0033 ,52,1.5927
0.601,688,0.4189 ,10544,0.9881,0.0234 ,0.0050 ,54,0.4767
0.61,687,0.4207 ,7548,1.2406,0.0240 ,0.0053 ,56,0.5064
0.618,686,0.4131 ,4702,1.1486,0.0246 ,0.0043 ,60,0.5688
0.423,1023,0.5930 ,214,0.5435,0.0486 ,0.0694 ,26,0.1845
0.446,1044,0.6055 ,253,0.5239,0.0435 ,0.0632 ,28,0.2105
0.466,1074,0.6013 ,365,0.5129,0.0467 ,0.0724 ,28,0.2271
0.484,1084,0.5952 ,684,0.5391,0.0494 ,0.0524 ,29,0.2443
0.501,1103,0.5809 ,745,0.5767,0.0519 ,0.0487 ,30,0.2427
0.521,1151,0.5889 ,838,0.5954,0.0549 ,0.0478 ,31,0.2524
0.538,1185,0.5737 ,1059,0.5784,0.0576 ,0.0446 ,32,0.2793
0.553,1209,0.5566 ,1566,0.5524,0.0602 ,0.0429 ,34,0.276
0.568,1227,0.5588 ,2558,0.5862,0.0628 ,0.0478 ,37,0.2814
0.582,1243,0.5483 ,3396,0.5895,0.0704 ,0.0500 ,40,0.2819
0.596,1261,0.5327 ,5167,0.664,0.0749 ,0.0508 ,43,0.2979
0.609,1187,0.5345 ,7150,0.6567,0.0741 ,0.0474 ,45,0.2993
0.622,1214,0.5389 ,10375,0.643,0.0828 ,0.0466 ,48,0.2964
0.634,1239,0.5491 ,16598,0.6577,0.0852 ,0.0438 ,49,0.3497
0.646,1259,0.5358 ,9467,0.8112,0.0877 ,0.0532 ,49,0.3892
0.657,1277,0.5190 ,10246,0.71,0.0938 ,0.0333 ,50,0.3727
0.668,1302,0.5427 ,10365,0.7069,0.0961 ,0.0333 ,50,0.3962
0.677,1310,0.5419 ,9035,0.8036,0.0956 ,0.0327 ,51,0.4077
0.685,1318,0.5348 ,6037,0.75,0.0984 ,0.0299 ,52,0.4051
0.378,443,0.5495 ,149,1.1096,0.0200 ,0.0709 ,34,0.2594
0.401,443,0.5717 ,202,1.1234,0.0222 ,0.0699 ,35,0.2845
0.421,443,0.5715 ,268,1.1158,0.0232 ,0.0663 ,35,0.31
0.439,444,0.5729 ,525,1.2067,0.0252 ,0.0544 ,36,0.328
0.456,445,0.5845 ,761,1.3562,0.0269 ,0.0475 ,38,0.334
0.476,447,0.5758 ,984,1.3069,0.0281 ,0.0464 ,39,0.3646
0.493,449,0.5534 ,1531,1.2425,0.0302 ,0.0417 ,41,0.3678
0.508,449,0.5504 ,2075,1.209,0.0314 ,0.0411 ,43,0.3661
0.523,451,0.5412 ,3645,1.2777,0.0329 ,0.0384 ,46,0.3787
0.537,453,0.5426 ,5466,1.338,0.0347 ,0.0331 ,44,0.3849
0.551,453,0.5311 ,5804,1.4309,0.0357 ,0.0297 ,50,0.401
0.564,455,0.5229 ,6155,1.3667,0.0372 ,0.0293 ,48,0.3941
0.577,457,0.5218 ,10675,1.3689,0.0397 ,0.0283 ,59,0.3832
0.589,459,0.5177 ,15836,1.3847,0.0419 ,0.0309 ,63,0.4049
0.601,460,0.5123 ,6741,1.4771,0.0428 ,0.0426 ,68,0.4263
0.612,461,0.4991 ,9779,1.4394,0.0435 ,0.0264 ,69,0.4291
0.623,461,0.5091 ,5928,1.2684,0.0445 ,0.0233 ,75,0.4317
0.632,462,0.5065 ,7112,1.5542,0.0453 ,0.0287 ,75,0.4439
0.64,462,0.4928 ,4220,1.5672,0.0467 ,0.0101 ,80,0.4338
0.412,532,0.6034 ,335,1.0513,0.0266 ,0.0431 ,28,0.2053
0.435,545,0.6038 ,471,1.0099,0.0273 ,0.0400 ,29,0.2079
0.455,555,0.6036 ,598,0.9316,0.0296 ,0.0387 ,30,0.2118
0.473,562,0.5931 ,742,1.0035,0.0292 ,0.0240 ,30,0.2419
0.49,570,0.5803 ,1032,1.0568,0.0299 ,0.0236 ,31,0.2478
0.51,595,0.5667 ,960,1.1486,0.0299 ,0.0237 ,32,0.2604
0.527,598,0.5586 ,1511,1.0568,0.0321 ,0.0168 ,34,0.2763
0.542,599,0.5467 ,2360,1.0487,0.0346 ,0.0182 ,38,0.2791
0.557,598,0.5390 ,2456,1.065,0.0357 ,0.0141 ,41,0.283
0.571,599,0.5290 ,3649,1.092,0.0355 ,0.0111 ,42,0.2995
0.585,600,0.5151 ,5423,1.1613,0.0368 ,0.0149 ,47,0.3176
0.598,602,0.5078 ,9836,1.1686,0.0377 ,0.0119 ,51,0.3299
0.611,605,0.4985 ,12717,1.0892,0.0419 ,0.0179 ,54,0.3207
0.623,608,0.0489 ,8778,1.1103,0.0435 ,0.0176 ,54,0.3579
0.635,635,0.4754 ,7619,1.2129,0.0459 ,0.0080 ,54,0.3726
0.646,639,0.4539 ,11634,1.2275,0.0495 ,0.0584 ,61,0.3729
0.657,645,0.4728 ,10030,1.1833,0.0515 ,0.0504 ,61,0.3944
0.666,647,0.4881 ,7577,1.4902,0.0501 ,0.0097 ,62,0.4166
0.674,652,0.4786 ,4454,1.3454,0.0508 ,0.0087 ,65,0.4115
0.395,453,0.5324 ,735,1.1866,0.0232 ,0.0299 ,25,0.2192
0.418,460,0.5399 ,409,1.1512,0.0238 ,0.0286 ,26,0.2565
0.438,466,0.5414 ,423,1.1391,0.0258 ,0.0238 ,26,0.2637
0.456,471,0.5386 ,559,1.1493,0.0264 ,0.0211 ,27,0.2762
0.473,476,0.5095 ,622,1.2791,0.0272 ,0.0159 ,29,0.2868
0.493,490,0.5019 ,756,1.3565,0.0282 ,0.0117 ,31,0.2911
0.51,514,0.4852 ,1410,1.2654,0.0292 ,0.0067 ,31,0.2974
0.525,534,0.4778 ,1779,1.2656,0.0298 ,0.0074 ,35,0.2904
0.54,551,0.4704 ,2054,1.329,0.0303 ,0.0058 ,38,0.2977
0.554,571,0.4610 ,1918,1.3124,0.0307 ,0.0061 ,39,0.312
0.568,587,0.4455 ,2402,1.4995,0.0313 ,0.0055 ,41,0.3457
0.581,597,0.4214 ,3635,1.604,0.0332 ,0.0065 ,43,0.3531
0.594,608,0.4096 ,5402,1.5003,0.0342 ,0.0076 ,46,0.3904
0.606,620,0.4080 ,8095,1.462,0.0345 ,0.0053 ,49,0.3605
0.618,632,0.3991 ,6920,1.6156,0.0354 ,0.0033 ,50,0.3714
0.629,645,0.3926 ,9342,1.6619,0.0358 ,0.0048 ,50,0.3869
0.64,651,0.4107 ,6240,1.6075,0.0365 ,0.0056 ,51,0.3886
0.649,651,0.4134 ,4604,1.6976,0.0372 ,0.0059 ,52,0.5272
0.657,655,0.3938 ,3044,1.6137,0.0380 ,0.0062 ,56,0.3892
0.341,712,0.3998 ,37,1.7541,0.0417 ,0.0077 ,34,1.0561
0.364,714,0.4187 ,41,1.6828,0.0299 ,0.0102 ,35,0.6435
0.384,719,0.4404 ,57,1.612,0.0404 ,0.0125 ,36,1.0348
0.402,732,0.4633 ,60,1.7792,0.0411 ,0.0217 ,35,1.0092
0.419,738,0.4546 ,103,1.6962,0.0417 ,0.0137 ,35,1.0025
0.439,779,0.4226 ,187,1.7207,0.0429 ,0.0077 ,36,1.0103
0.456,790,0.3922 ,392,1.9364,0.0443 ,0.0110 ,36,1.0377
0.471,792,0.3849 ,494,1.8141,0.0459 ,0.0170 ,40,1.0104
0.486,795,0.3557 ,548,2.0493,0.0486 ,0.0178 ,40,1.0178
0.5,799,0.3563 ,1037,1.8629,0.0507 ,0.0158 ,44,0.9078
0.514,803,0.3518 ,1233,2.126,0.0514 ,0.0059 ,48,1.0058
0.527,808,0.3256 ,1452,2.0822,0.0521 ,0.0137 ,47,1.0062
0.54,803,0.3297 ,1830,2.0563,0.0521 ,0.0251 ,49,0.9561
0.552,804,0.3290 ,1559,2.1126,0.0528 ,0.0234 ,55,1.0726
0.564,799,0.3490 ,1443,2.0881,0.0535 ,0.0257 ,54,1.0127
0.575,795,0.4023 ,1024,1.9641,0.0542 ,0.0189 ,53,1.0015
0.586,799,0.4547 ,1042,1.86,0.0555 ,0.0198 ,54,1.0223
0.595,802,0.4796 ,953,2.2688,0.0562 ,0.0183 ,55,1.0053
0.603,804,0.4781 ,595,1.9456,0.0569 ,0.0186 ,57,1.0199
0.367,557,0.5296 ,303,1.2178,0.0219 ,0.0140 ,23,0.2859
0.39,562,0.5405 ,481,1.2077,0.0230 ,0.0148 ,24,0.2898
0.41,566,0.5461 ,462,1.166,0.0235 ,0.0126 ,25,0.3093
0.428,571,0.5395 ,701,1.2202,0.0242 ,0.0085 ,26,0.3483
0.445,575,0.5233 ,893,1.2936,0.0246 ,0.0064 ,27,0.3375
0.465,580,0.5213 ,1006,1.351,0.0249 ,0.0038 ,28,0.3692
0.482,584,0.5097 ,1258,1.3269,0.0251 ,0.0036 ,30,0.3784
0.497,588,0.4949 ,1463,1.3062,0.0253 ,0.0113 ,32,0.3677
0.512,591,0.4858 ,1949,1.3282,0.0255 ,0.0088 ,34,0.3714
0.526,594,0.4835 ,1912,1.4007,0.0268 ,0.0057 ,37,0.3903
0.54,594,0.4622 ,2594,1.5342,0.0284 ,0.0023 ,41,0.4066
0.553,597,0.4513 ,3681,1.4985,0.0288 ,0.0061 ,45,0.4228
0.566,600,0.4605 ,5139,1.4731,0.0295 ,0.0071 ,47,0.4487
0.578,602,0.4647 ,6949,1.5162,0.0300 ,0.0041 ,49,0.4661
0.59,604,0.4508 ,6075,1.7567,0.0310 ,0.0089 ,51,0.4841
0.601,604,0.4346 ,8704,1.745,0.0317 ,0.0049 ,52,0.4608
0.612,603,0.4411 ,6102,1.6134,0.0330 ,0.0058 ,52,0.4612
0.621,602,0.4397 ,4897,1.8943,0.0335 ,0.0028 ,56,0.4799
0.629,600,0.4212 ,2907,1.6926,0.0343 ,0.0040 ,60,0.4928
0.312,659,0.4140 ,437,1.2737,0.0320 ,0.0265 ,33,0.2309
0.335,679,0.4230 ,593,1.2957,0.0320 ,0.0397 ,37,0.2199
0.355,697,0.4312 ,550,1.2969,0.0319 ,0.0441 ,39,0.2273
0.373,711,0.4370 ,846,1.2873,0.0380 ,0.0421 ,46,0.2442
0.39,723,0.4560 ,1302,1.3591,0.0397 ,0.0389 ,51,0.2472
0.41,1057,0.4646 ,1966,1.2247,0.0462 ,0.0336 ,34,1.235
0.427,658,0.4745 ,3262,1.4029,0.0297 ,0.0348 ,42,0.2689
0.442,661,0.4698 ,4594,1.4693,0.0330 ,0.0278 ,49,0.2686
0.457,665,0.4591 ,7390,1.4383,0.0343 ,0.0286 ,51,0.2748
0.471,673,0.4553 ,12057,1.3966,0.0352 ,0.0292 ,54,0.2926
0.485,726,0.4254 ,15413,1.3519,0.0383 ,0.0303 ,52,0.2975
0.498,688,0.4156 ,24624,1.3985,0.0374 ,0.0303 ,58,0.305
0.511,696,0.3949 ,34824,1.4718,0.0403 ,0.0287 ,62,0.3215
0.523,780,0.3684 ,37062,1.4104,0.0407 ,0.0263 ,61,0.3289
0.535,801,0.3566 ,25327,1.5049,0.0420 ,0.0253 ,64,0.3414
0.546,819,0.3534 ,27536,1.5262,0.0439 ,0.0252 ,72,0.3566
0.557,827,0.3602 ,26709,1.4495,0.0443 ,0.0071 ,72,0.3661
0.566,842,0.3619 ,29128,1.5179,0.0443 ,0.0070 ,74,0.3681
0.574,861,0.3663 ,22370,1.5182,0.0450 ,0.0057 ,80,0.3692
0.289,1140,0.4918 ,76,1.47,0.0285 ,0.0383 ,20,0.2788
0.312,1149,0.5361 ,160,1.6535,0.0352 ,0.0410 ,20,0.3421
0.332,1157,0.5515 ,362,1.6454,0.0354 ,0.0452 ,22,0.4399
0.35,1160,0.5837 ,810,1.6772,0.0381 ,0.0437 ,24,0.6263
0.367,1160,0.6043 ,1042,1.694,0.0392 ,0.0427 ,25,0.3218
0.387,1057,0.6028 ,1101,1.6243,0.0402 ,0.0422 ,30,0.3276
0.404,591,0.6589 ,1858,1.7377,0.0242 ,0.0445 ,39,0.3193
0.419,591,0.6587 ,3302,1.6891,0.0249 ,0.0501 ,41,0.3166
0.434,592,0.6430 ,5650,1.4924,0.0257 ,0.0547 ,42,0.3143
0.448,592,0.6391 ,8920,1.4844,0.0266 ,0.0617 ,49,0.3241
0.462,595,0.5277 ,11802,1.4942,0.0274 ,0.0681 ,51,0.3402
0.475,595,0.5580 ,15839,1.3707,0.0285 ,0.0651 ,53,0.3488
0.488,599,0.5478 ,18604,1.4886,0.0290 ,0.0635 ,56,0.3612
0.5,602,0.5218 ,28051,1.4367,0.0297 ,0.0623 ,59,0.3755
0.512,606,0.4856 ,7733,1.5615,0.0305 ,0.0565 ,60,0.3747
0.523,607,0.4695 ,9680,1.4655,0.0414 ,0.0572 ,74,0.3754
0.534,611,0.4716 ,7766,1.394,0.0421 ,0.0525 ,75,0.3999
0.543,621,0.4633 ,7897,1.4999,0.0441 ,0.0037 ,74,0.4136
0.551,625,0.4601 ,5672,1.4947,0.0443 ,0.0039 ,73,0.4221
0.256,741,0.5729 ,111,0.4166,0.0391 ,0.0247 ,27,0.3629
0.279,747,0.6419 ,91,0.5351,0.0405 ,0.0334 ,29,0.3292
0.299,753,0.6685 ,94,0.55,0.0415 ,0.0482 ,26,0.3159
0.317,759,0.6796 ,164,0.5099,0.0427 ,0.0562 ,28,0.3085
0.334,763,0.6647 ,164,0.6547,0.0451 ,0.0630 ,32,0.3149
0.354,1307,0.6313 ,248,0.6591,0.0466 ,0.0612 ,20,0.2714
0.371,541,0.6808 ,437,1.519,0.0205 ,0.0610 ,30,0.3262
0.386,542,0.6636 ,926,1.4894,0.0212 ,0.0760 ,31,0.3426
0.401,538,0.6057 ,1951,1.3859,0.0220 ,0.0960 ,33,0.3334
0.415,538,0.5766 ,2987,1.5073,0.0227 ,0.0927 ,37,0.3148
0.429,538,0.5246 ,3525,1.5322,0.0388 ,0.0994 ,39,0.3203
0.442,538,0.5078 ,4989,1.5229,0.0395 ,0.1012 ,39,0.322
0.455,538,0.5119 ,5696,1.6457,0.0405 ,0.0953 ,42,0.3384
0.467,538,0.4859 ,6055,1.5002,0.0410 ,0.0904 ,44,0.338
0.479,536,0.4808 ,4912,1.569,0.0411 ,0.0892 ,48,0.3609
0.49,533,0.4682 ,7586,1.5097,0.0415 ,0.0937 ,68,0.3636
0.501,533,0.4853 ,4676,1.4625,0.0420 ,0.0003 ,71,0.3538
0.51,541,0.4739 ,5049,1.5512,0.0428 ,0.0041 ,71,0.3804
0.518,542,0.4652 ,3809,1.5373,0.0430 ,0.0047 ,73,0.3767
0.223,241,0.5403 ,17,1.6005,0.0300 ,0.0203 ,44,1.0788
0.246,244,0.5545 ,32,1.4792,0.0300 ,0.0261 ,45,1.0028
0.266,246,0.5752 ,25,1.4614,0.0375 ,0.0262 ,43,1.0062
0.284,247,0.5713 ,46,1.5034,0.0391 ,0.0406 ,44,0.9522
0.301,247,0.5736 ,148,1.4719,0.0391 ,0.0486 ,50,1.0001
0.321,522,0.5933 ,231,1.6503,0.0400 ,0.0489 ,25,1.0011
0.338,244,0.5470 ,359,1.5579,0.0516 ,0.0476 ,57,1.0146
0.353,245,0.5567 ,605,1.5157,0.0433 ,0.0545 ,64,0.934
0.368,246,0.5447 ,1442,1.5675,0.0620 ,0.0519 ,68,0.7495
0.382,247,0.5384 ,1327,1.5888,0.0620 ,0.0198 ,77,0.6374
0.396,477,0.5339 ,1985,1.6588,0.0271 ,0.0214 ,43,0.4968
0.409,469,0.4925 ,2126,1.8718,0.0323 ,0.0197 ,62,0.578
0.422,461,0.4940 ,1651,2.0722,0.0323 ,0.0205 ,61,0.487
0.434,455,0.5001 ,1907,2.0923,0.0324 ,0.0242 ,69,0.5557
0.446,447,0.4559 ,961,2.1773,0.0331 ,0.0295 ,70,0.6103
0.457,439,0.4612 ,1073,2.2321,0.0331 ,0.0300 ,76,0.6758
0.468,437,0.4972 ,894,2.0821,0.0363 ,0.0276 ,75,0.8609
0.477,435,0.4744 ,876,1.9354,0.0363 ,0.0005 ,75,0.9111
0.485,435,0.4628 ,686,1.9086,0.0364 ,0.0011 ,74,1.0058
0.278,396,0.3778 ,24,2.3972,0.0034 ,0.0074 ,18,0.2735
0.301,397,0.4173 ,22,2.5398,0.0036 ,0.0085 ,21,0.2798
0.321,396,0.4209 ,28,2.5623,0.0041 ,0.0177 ,20,0.3138
0.339,319,0.4296 ,37,2.9113,0.0043 ,0.0184 ,26,0.3229
0.356,364,0.4869 ,78,3.368,0.0047 ,0.0178 ,25,0.3088
0.376,347,0.4528 ,121,3.1999,0.0050 ,0.0166 ,28,0.2854
0.393,346,0.5490 ,180,1.312,0.0052 ,0.0179 ,30,0.3388
0.408,347,0.4811 ,259,1.3883,0.0053 ,0.0175 ,33,0.3284
0.423,349,0.4749 ,1061,1.371,0.0053 ,0.0244 ,34,0.318
0.437,349,0.4860 ,2258,1.2432,0.0157 ,0.0123 ,35,0.3405
0.451,353,0.4784 ,5689,1.2345,0.0147 ,0.0081 ,32,0.3328
0.464,341,0.4707 ,10740,1.2601,0.0162 ,0.0075 ,40,0.3599
0.477,316,0.4784 ,4104,1.2824,0.0165 ,0.0071 ,46,0.3716
0.489,315,0.4514 ,5198,1.3603,0.0174 ,0.0081 ,50,0.3784
0.501,313,0.4405 ,2981,1.4421,0.0195 ,0.0092 ,52,0.3786
0.512,308,0.4280 ,3841,1.4977,0.0226 ,0.0101 ,64,0.3588
0.523,308,0.4318 ,2821,3.0944,0.0227 ,0.0102 ,65,0.3608
0.532,307,0.4286 ,2256,3.0391,0.0230 ,0.0067 ,71,0.3604
0.54,304,0.4253 ,1619,2.833,0.0236 ,0.0103 ,70,0.359
0.245,304,0.3839 ,17,2.609,0.0024 ,0.0137 ,13,0.4327
0.268,303,0.3989 ,28,2.7043,0.0029 ,0.0230 ,13,0.312
0.288,304,0.4113 ,54,2.7938,0.0031 ,0.0274 ,14,0.3949
0.306,305,0.4272 ,76,2.9226,0.0032 ,0.0137 ,20,0.4333
0.323,304,0.4496 ,152,2.9108,0.0037 ,0.0124 ,19,0.4334
0.343,291,0.4638 ,162,2.5356,0.0044 ,0.0143 ,20,0.433
0.36,290,0.4603 ,419,2.4811,0.0052 ,0.0244 ,23,0.4625
0.375,291,0.4554 ,1240,2.3832,0.0057 ,0.0310 ,25,0.4854
0.39,291,0.4643 ,2803,2.1925,0.0061 ,0.0358 ,27,0.4656
0.404,292,0.4664 ,4199,2.1746,0.0061 ,0.0405 ,28,0.477
0.418,293,0.4848 ,5269,2.1054,0.0062 ,0.0409 ,29,0.5445
0.431,293,0.4654 ,6685,2.0026,0.0063 ,0.0393 ,38,0.5648
0.444,293,0.4811 ,5989,2.0836,0.0064 ,0.0375 ,43,0.6083
0.456,294,0.4891 ,7047,2.0279,0.0066 ,0.0376 ,45,0.6606
0.468,294,0.4841 ,3236,2.1207,0.0068 ,0.0361 ,51,1.0232
0.479,295,0.4807 ,4826,2.0482,0.0077 ,0.0379 ,63,0.5717
0.49,295,0.4886 ,4753,1.8405,0.0082 ,0.0358 ,62,0.5476
0.499,300,0.4912 ,4418,1.848,0.0089 ,0.0032 ,69,0.5556
0.507,300,0.4925 ,2763,1.7905,0.0089 ,0.0036 ,68,0.6004
0.212,575,0.3770 ,9,2.3018,0.0060 ,0.0205 ,22,0.7688
0.235,571,0.3857 ,10,2.4037,0.0076 ,0.0259 ,24,1.0223
0.255,571,0.3871 ,15,2.2925,0.0100 ,0.0307 ,24,1.0276
0.273,571,0.3997 ,16,2.4064,0.0105 ,0.0363 ,27,1.0156
0.29,567,0.4293 ,42,2.272,0.0112 ,0.0378 ,28,0.7107
0.31,559,0.4662 ,70,2.1826,0.0140 ,0.0362 ,30,0.7432
0.327,555,0.4876 ,178,2.1495,0.0143 ,0.0328 ,33,0.8143
0.342,555,0.4836 ,313,2.1522,0.0147 ,0.0347 ,36,0.8251
0.357,547,0.4781 ,601,2.0061,0.0147 ,0.0382 ,40,1.4243
0.371,547,0.4731 ,1073,2.0237,0.0147 ,0.0401 ,40,0.8954
0.385,543,0.4613 ,1524,2.0696,0.0147 ,0.0426 ,46,0.9221
0.398,539,0.4536 ,1846,2.0853,0.0147 ,0.0409 ,46,0.9227
0.411,535,0.4468 ,1473,2.203,0.0147 ,0.0401 ,48,0.9138
0.423,535,0.4418 ,1727,2.3946,0.0150 ,0.0368 ,54,1.0067
0.435,535,0.4390 ,514,3.5372,0.0164 ,0.0339 ,59,1.0588
0.446,535,0.4351 ,988,2.662,0.0164 ,0.0374 ,67,0.947
0.457,531,0.4548 ,633,2.3282,0.0176 ,0.0344 ,70,1.0072
0.466,531,0.4498 ,788,2.4275,0.0196 ,0.0010 ,72,1.0101
0.474,527,0.4396 ,555,2.4413,0.0204 ,0.0010 ,72,1.0034
0.267,209,0.3732 ,19,2.3512,0.0019 ,0.0171 ,23,0.2497
0.29,209,0.3877 ,40,2.391,0.0020 ,0.0209 ,23,0.2407
0.31,209,0.4251 ,44,2.1381,0.0022 ,0.0210 ,27,0.3092
0.328,209,0.4152 ,43,2.4828,0.0027 ,0.0220 ,30,0.3067
0.345,209,0.4249 ,89,2.4214,0.0031 ,0.0237 ,31,0.251
0.365,206,0.4595 ,124,2.0926,0.0035 ,0.0267 ,31,0.2901
0.382,205,0.5062 ,213,2.0799,0.0039 ,0.0312 ,34,0.3271
0.397,205,0.5091 ,863,2.0553,0.0039 ,0.0396 ,32,0.3437
0.412,205,0.5184 ,1484,1.9057,0.0040 ,0.0448 ,40,0.3433
0.426,205,0.0904 ,2330,1.8514,0.0041 ,0.0492 ,42,0.3439
0.44,205,0.4940 ,2354,1.8487,0.0042 ,0.0552 ,45,0.342
0.453,204,0.4801 ,2541,1.8158,0.0045 ,0.0547 ,47,0.3364
0.466,204,0.4726 ,2656,1.8926,0.0047 ,0.0524 ,51,0.3375
0.478,204,0.4697 ,3996,1.8806,0.0050 ,0.0555 ,54,0.3292
0.49,203,0.4688 ,1754,1.9617,0.0051 ,0.0541 ,58,0.3368
0.501,203,0.4685 ,2302,1.9285,0.0053 ,0.0019 ,63,0.3554
0.512,202,0.4783 ,2138,1.7237,0.0057 ,0.0032 ,64,0.3549
0.521,202,0.4678 ,2767,1.8254,0.0061 ,0.0023 ,70,0.3626
0.529,202,0.4644 ,1612,1.8358,0.0097 ,0.0015 ,72,0.2683
