行政区划等级,上级行政代码,adcode,邮编,地级市,name,省,市,经度_高德坐标,纬度_高德坐标,经度_wgs84,纬度_wgs84
2,130000000000,130100000000,50000,石家庄市,石家庄,河北,石家庄,114.514859,38.042306,114.5088853,38.0416869
2,130000000000,130200000000,63000,唐山市,唐山,河北,唐山,118.180193,39.630867,118.1739149,39.62955906
2,130000000000,130300000000,66000,秦皇岛市,秦皇岛,河北,秦皇岛,119.600492,39.935385,119.5947213,39.93427683
2,130000000000,130400000000,56000,邯郸市,邯郸,河北,邯郸,114.538961,36.625657,114.5332333,36.62557775
2,130000000000,130500000000,54000,邢台市,邢台,河北,邢台,114.504844,37.070589,114.4989392,37.07011191
2,130000000000,130600000000,71000,保定市,保定,河北,保定,115.464806,38.873891,115.4584883,38.87299148
2,130000000000,130700000000,75000,张家口市,张家口,河北,张家口,114.887543,40.824418,114.8814273,40.82309177
2,130000000000,130800000000,67000,承德市,承德,河北,承德,117.96241,40.954071,117.9560841,40.95249033
2,130000000000,130900000000,61000,沧州市,沧州,河北,沧州,116.838834,38.304477,116.8330441,38.30391865
2,130000000000,131000000000,65000,廊坊市,廊坊,河北,廊坊,116.683752,39.538047,116.6778362,39.53694582
2,130000000000,131100000000,53000,衡水市,衡水,河北,衡水,115.670177,37.73892,115.6642877,37.7382783
2,140000000000,140100000000,30000,太原市,太原,山西,太原,112.548879,37.87059,112.5425796,37.87006481
2,140000000000,140200000000,37000,大同市,大同,山西,大同,113.300129,40.076762,113.2931124,40.0755622
2,140000000000,140300000000,45000,阳泉市,阳泉,山西,阳泉,113.580519,37.856971,113.5741171,37.85646808
2,140000000000,140400000000,46000,长治市,长治,山西,长治,113.116255,36.195386,113.1095902,36.19521924
2,140000000000,140500000000,48000,晋城市,晋城,山西,晋城,112.851831,35.490701,112.8457223,35.49111581
2,140000000000,140600000000,36000,朔州市,朔州,山西,朔州,112.432825,39.331595,112.4259784,39.33043351
2,140000000000,140700000000,30600,晋中市,晋中,山西,晋中,112.752694,37.687024,112.7462019,37.68634328
2,140000000000,140800000000,44000,运城市,运城,山西,运城,111.007528,35.026412,111.0017132,35.02714853
2,140000000000,140900000000,34000,忻州市,忻州,山西,忻州,112.734174,38.416663,112.7276056,38.41608215
2,140000000000,141000000000,41000,临汾市,临汾,山西,临汾,111.518976,36.088005,111.5127582,36.08812833
2,140000000000,141100000000,33000,吕梁市,吕梁,山西,吕梁,111.144319,37.518314,111.1379565,37.51753684
2,150000000000,150100000000,10000,呼和浩特市,呼和浩特,内蒙古,呼和浩特,111.74918,40.842585,111.742262,40.84113777
2,150000000000,150200000000,14000,包头市,包头,内蒙古,包头,109.840347,40.657449,109.834643,40.65630088
2,150000000000,150300000000,16000,乌海市,乌海,内蒙古,乌海,106.794249,39.655388,106.7894888,39.65444548
2,150000000000,150400000000,24000,赤峰市,赤峰,内蒙古,赤峰,118.886856,42.257817,118.8806845,42.25588154
2,150000000000,150500000000,28000,通辽市,通辽,内蒙古,通辽,122.243444,43.65289,122.2378913,43.65052792
2,150000000000,150600000000,17000,鄂尔多斯市,鄂尔多斯,内蒙古,鄂尔多斯,109.781327,39.608266,109.7756144,39.60724813
2,150000000000,150700000000,21000,呼伦贝尔市,呼伦贝尔,内蒙古,呼伦贝尔,119.765744,49.211574,119.7584019,49.20963309
2,150000000000,150800000000,15000,巴彦淖尔市,巴彦淖尔,内蒙古,巴彦淖尔,107.387657,40.743213,107.3820631,40.74176553
2,150000000000,150900000000,12000,乌兰察布市,乌兰察布,内蒙古,乌兰察布,113.132585,40.994785,113.1253181,40.99301706
2,150000000000,152200000000,10010,兴安盟,兴安,内蒙古,兴安,122.067042,46.077561,122.0608467,46.07553007
2,150000000000,152500000000,26000,锡林郭勒盟,锡林郭勒,内蒙古,锡林郭勒,116.048222,43.933454,116.0413825,43.93126746
2,150000000000,152900000000,750306,阿拉善盟,阿拉善,内蒙古,阿拉善,105.728969,38.851892,105.7246996,38.85132674
2,210000000000,210100000000,110000,沈阳市,沈阳,辽宁,沈阳,123.431474,41.805698,123.4253383,41.80326992
2,210000000000,210200000000,116000,大连市,大连,辽宁,大连,121.614682,38.914003,121.6097387,38.91322575
2,210000000000,210300000000,114000,鞍山市,鞍山,辽宁,鞍山,122.994329,41.108647,122.9888293,41.10672742
2,210000000000,210400000000,113000,抚顺市,抚顺,辽宁,抚顺,123.957208,41.880872,123.9514323,41.87871571
2,210000000000,210500000000,117000,本溪市,本溪,辽宁,本溪,123.766485,41.294175,123.7605991,41.29208446
2,210000000000,210600000000,118000,丹东市,丹东,辽宁,丹东,124.354706,40.000499,124.3489341,39.99895309
2,210000000000,210700000000,121000,锦州市,锦州,辽宁,锦州,121.127003,41.095119,121.1213602,41.09307023
2,210000000000,210800000000,115000,营口市,营口,辽宁,营口,122.235417,40.667012,122.2302453,40.66544649
2,210000000000,210900000000,123000,阜新市,阜新,辽宁,阜新,121.670323,42.021619,121.6649138,42.01950805
2,210000000000,211000000000,111000,辽阳市,辽阳,辽宁,辽阳,123.236944,41.267244,123.2312082,41.26517628
2,210000000000,211100000000,124000,盘锦市,盘锦,辽宁,盘锦,122.070714,41.119997,122.0652215,41.11790465
2,210000000000,211200000000,112000,铁岭市,铁岭,辽宁,铁岭,123.726166,42.223769,123.7201549,42.22154195
2,210000000000,211300000000,122000,朝阳市,朝阳,辽宁,朝阳,120.450372,41.573734,120.4446912,41.57144638
2,210000000000,211400000000,125000,葫芦岛市,葫芦岛,辽宁,葫芦岛,120.836932,40.711052,120.831757,40.70960314
2,220000000000,220100000000,130000,长春市,长春,吉林,长春,125.323544,43.817071,125.3170376,43.81461951
2,220000000000,220200000000,132000,吉林市,吉林,吉林,吉林,126.549576,43.837883,126.5438862,43.83562942
2,220000000000,220300000000,136000,四平市,四平,吉林,四平,124.350398,43.166419,124.3441931,43.16384236
2,220000000000,220400000000,136200,辽源市,辽源,吉林,辽源,125.143532,42.887918,125.1371348,42.88539827
2,220000000000,220500000000,134000,通化市,通化,吉林,通化,125.939697,41.728401,125.93404,41.72623588
2,220000000000,220600000000,134300,白山市,白山,吉林,白山,126.423587,41.939994,126.4177327,41.93748771
2,220000000000,220700000000,138000,松原市,松原,吉林,松原,124.825117,45.141789,124.8188296,45.13981898
2,220000000000,220800000000,137000,白城市,白城,吉林,白城,122.839024,45.619641,122.8331527,45.61773278
2,220000000000,222400000000,133000,延边朝鲜族自治州,延边,吉林,延边,129.508946,42.891253,129.5020153,42.88879342
2,230000000000,230100000000,150000,哈尔滨市,哈尔滨,黑龙江,哈尔滨,126.534967,45.803775,126.5289265,45.80179339
2,230000000000,230200000000,161000,齐齐哈尔市,齐齐哈尔,黑龙江,齐齐哈尔,123.918186,47.354348,123.911636,47.35230867
2,230000000000,230300000000,158100,鸡西市,鸡西,黑龙江,鸡西,130.969333,45.295075,130.9618769,45.29291059
2,230000000000,230400000000,154100,鹤岗市,鹤岗,黑龙江,鹤岗,130.297964,47.349916,130.29011,47.34747192
2,230000000000,230500000000,155100,双鸭山市,双鸭山,黑龙江,双鸭山,131.159133,46.646508,131.1510244,46.64428107
2,230000000000,230600000000,163000,大庆市,大庆,黑龙江,大庆,125.103784,46.589309,125.0967305,46.58720522
2,230000000000,230700000000,153000,伊春市,伊春,黑龙江,伊春,128.841147,47.727536,128.8340943,47.72526932
2,230000000000,230800000000,154000,佳木斯市,佳木斯,黑龙江,佳木斯,130.318917,46.799922,130.3111244,46.79770055
2,230000000000,230900000000,154600,七台河市,七台河,黑龙江,七台河,131.003138,45.771726,130.9954335,45.76950151
2,230000000000,231000000000,157000,牡丹江市,牡丹江,黑龙江,牡丹江,129.633168,44.551653,129.626091,44.54968652
2,230000000000,231100000000,164300,黑河市,黑河,黑龙江,黑河,126.661669,45.742347,126.6556509,45.74035821
2,230000000000,231200000000,152000,绥化市,绥化,黑龙江,绥化,126.968887,46.653845,126.9625634,46.6519434
2,230000000000,232700000000,165000,大兴安岭地区,大兴安岭,黑龙江,大兴安岭,126.661669,45.742347,126.6556509,45.74035821
2,320000000000,320100000000,210000,南京市,南京,江苏,南京,118.796877,32.060255,118.7916934,32.06233066
2,320000000000,320200000000,214000,无锡市,无锡,江苏,无锡,120.31191,31.491169,120.3073014,31.49305814
2,320000000000,320300000000,221000,徐州市,徐州,江苏,徐州,117.284124,34.205768,117.2783706,34.20705791
2,320000000000,320400000000,213000,常州市,常州,江苏,常州,119.973987,31.810689,119.969237,31.81272998
2,320000000000,320500000000,215000,苏州市,苏州,江苏,苏州,120.585315,31.298886,120.5811376,31.30107071
2,320000000000,320600000000,226000,南通市,南通,江苏,南通,120.894291,31.980171,120.8900753,31.98234084
2,320000000000,320700000000,222000,连云港市,连云港,江苏,连云港,119.221611,34.596653,119.2160793,34.5976879
2,320000000000,320800000000,223001,淮安市,淮安,江苏,淮安,119.015285,33.610353,119.0098276,33.61174795
2,320000000000,320900000000,224000,盐城市,盐城,江苏,盐城,120.163561,33.347382,120.158618,33.34882073
2,320000000000,321000000000,225000,扬州市,扬州,江苏,扬州,119.412966,32.39421,119.4074858,32.39608965
2,320000000000,321100000000,212000,镇江市,镇江,江苏,镇江,119.425836,32.187849,119.4203914,32.18972787
2,320000000000,321200000000,225300,泰州市,泰州,江苏,泰州,119.923116,32.455778,119.9183798,32.45800058
2,320000000000,321300000000,223800,宿迁市,宿迁,江苏,宿迁,118.275198,33.963232,118.2696921,33.96457933
2,330000000000,330100000000,310000,杭州市,杭州,浙江,杭州,120.209947,30.245853,120.2054101,30.2482801
2,330000000000,330200000000,315000,宁波市,宁波,浙江,宁波,121.550357,29.874556,121.5461995,29.87713942
2,330000000000,330300000000,325000,温州市,温州,浙江,温州,120.699366,27.994267,120.6953078,27.99754915
2,330000000000,330400000000,314000,嘉兴市,嘉兴,浙江,嘉兴,120.755486,30.746129,120.7511665,30.748429
2,330000000000,330500000000,313000,湖州市,湖州,浙江,湖州,120.086823,30.894348,120.0819519,30.89639205
2,330000000000,330600000000,312000,绍兴市,绍兴,浙江,绍兴,120.580232,30.029752,120.5761504,30.03238757
2,330000000000,330700000000,321000,金华市,金华,浙江,金华,119.647444,29.079059,119.642739,29.08203513
2,330000000000,330800000000,324000,衢州市,衢州,浙江,衢州,118.859457,28.970079,118.8546625,28.97316462
2,330000000000,330900000000,316000,舟山市,舟山,浙江,舟山,122.207215,29.985295,122.2030569,29.98769779
2,330000000000,331000000000,318000,台州市,台州,浙江,台州,121.420757,28.656386,121.4163287,28.65933631
2,330000000000,331100000000,323000,丽水市,丽水,浙江,丽水,119.922796,28.46763,119.9183912,28.47103593
2,340000000000,340100000000,230000,合肥市,合肥,安徽,合肥,117.227239,31.820586,117.2217567,31.82258518
2,340000000000,340200000000,241000,芜湖市,芜湖,安徽,芜湖,118.432941,31.352859,118.4275596,31.35471093
2,340000000000,340300000000,233000,蚌埠市,蚌埠,安徽,蚌埠,117.389719,32.916287,117.3838712,32.91799247
2,340000000000,340400000000,232000,淮南市,淮南,安徽,淮南,116.999932,32.625478,116.9945048,32.62752808
2,340000000000,340500000000,243000,马鞍山市,马鞍山,安徽,马鞍山,118.506759,31.670452,118.5015796,31.67244347
2,340000000000,340600000000,235000,淮北市,淮北,安徽,淮北,116.798265,33.955844,116.7928681,33.9572713
2,340000000000,340700000000,244000,铜陵市,铜陵,安徽,铜陵,117.812079,30.945429,117.8067391,30.94772294
2,340000000000,340800000000,246000,安庆市,安庆,安徽,安庆,117.063754,30.543494,117.0582965,30.54577561
2,340000000000,341000000000,242700,黄山市,黄山,安徽,黄山,118.337481,29.714655,118.3322765,29.71705362
2,340000000000,341100000000,239000,滁州市,滁州,安徽,滁州,118.317106,32.301556,118.3117053,32.30356288
2,340000000000,341200000000,236000,阜阳市,阜阳,安徽,阜阳,115.814204,32.890124,115.8088334,32.89212245
2,340000000000,341300000000,234000,宿州市,宿州,安徽,宿州,116.964356,33.646373,116.9589719,33.64793734
2,340000000000,341500000000,237000,六安市,六安,安徽,六安,116.521854,31.733699,116.516779,31.73577037
2,340000000000,341600000000,236000,亳州市,亳州,安徽,亳州,115.778676,33.844582,115.7731366,33.84602568
2,340000000000,341700000000,247100,池州市,池州,安徽,池州,117.491568,30.6648,117.4861011,30.66716072
2,340000000000,341800000000,242000,宣城市,宣城,安徽,宣城,118.758816,30.940718,118.7536928,30.94293802
2,350000000000,350100000000,350000,福州市,福州,福建,福州,119.296494,26.074507,119.2916942,26.07760904
2,350000000000,350200000000,361000,厦门市,厦门,福建,厦门,118.089425,24.479833,118.0844479,24.48247976
2,350000000000,350300000000,351100,莆田市,莆田,福建,莆田,119.007777,25.454084,119.0030424,25.45686591
2,350000000000,350400000000,365000,三明市,三明,福建,三明,117.638678,26.263406,117.6337785,26.26683129
2,350000000000,350500000000,362000,泉州市,泉州,福建,泉州,118.675675,24.874132,118.6711283,24.87704041
2,350000000000,350600000000,363000,漳州市,漳州,福建,漳州,117.647481,24.512948,117.6426941,24.51592597
2,350000000000,350700000000,353000,南平市,南平,福建,南平,118.177708,26.641768,118.1727213,26.64506403
2,350000000000,350800000000,364000,龙岩市,龙岩,福建,龙岩,117.017536,25.075123,117.0126603,25.07788022
2,350000000000,350900000000,352000,宁德市,宁德,福建,宁德,119.547932,26.665617,119.5433501,26.66911239
2,360000000000,360100000000,330000,南昌市,南昌,江西,南昌,115.858197,28.682892,115.8532965,28.68622213
2,360000000000,360200000000,333000,景德镇市,景德镇,江西,景德镇,117.178419,29.268835,117.1731025,29.27147824
2,360000000000,360300000000,337000,萍乡市,萍乡,江西,萍乡,113.854556,27.622768,113.849255,27.6261793
2,360000000000,360400000000,332000,九江市,九江,江西,九江,116.00193,29.705077,115.9968347,29.70761518
2,360000000000,360500000000,338000,新余市,新余,江西,新余,114.917346,27.817808,114.9124992,27.82126559
2,360000000000,360600000000,335000,鹰潭市,鹰潭,江西,鹰潭,117.069202,28.260189,117.0639282,28.2633235
2,360000000000,360700000000,341000,赣州市,赣州,江西,赣州,114.935029,25.831829,114.9303015,25.8350112
2,360000000000,360800000000,343000,吉安市,吉安,江西,吉安,114.992509,27.113443,114.9875257,27.11679654
2,360000000000,360900000000,336000,宜春市,宜春,江西,宜春,114.416778,27.815619,114.4114734,27.81872176
2,360000000000,361000000000,344000,抚州市,抚州,江西,抚州,116.358181,27.949217,116.3531754,27.95235121
2,360000000000,361100000000,334000,上饶市,上饶,江西,上饶,117.943433,28.454862,117.9384534,28.45826791
2,370000000000,370100000000,250000,济南市,济南,山东,济南,117.119999,36.651216,117.1138711,36.65078611
2,370000000000,370200000000,266000,青岛市,青岛,山东,青岛,120.382639,36.067082,120.3775059,36.06680574
2,370000000000,370300000000,255000,淄博市,淄博,山东,淄博,118.054927,36.813487,118.0488465,36.81296277
2,370000000000,370400000000,277000,枣庄市,枣庄,山东,枣庄,117.323725,34.810487,117.3178155,34.81128183
2,370000000000,370500000000,257000,东营市,东营,山东,东营,118.674767,37.434751,118.6690998,37.4340727
2,370000000000,370600000000,264000,烟台市,烟台,山东,烟台,121.447935,37.463822,121.4427283,37.46285124
2,370000000000,370700000000,261000,潍坊市,潍坊,山东,潍坊,119.161755,36.706774,119.1558727,36.70633057
2,370000000000,370800000000,272000,济宁市,济宁,山东,济宁,116.587098,35.414921,116.581807,35.41536901
2,370000000000,370900000000,271000,泰安市,泰安,山东,泰安,117.087614,36.200252,117.0815463,36.20000233
2,370000000000,371000000000,264200,威海市,威海,山东,威海,122.120419,37.513068,122.1153619,37.51203555
2,370000000000,371100000000,276800,日照市,日照,山东,日照,119.526888,35.416377,119.5214598,35.41666512
2,370000000000,371300000000,276000,临沂市,临沂,山东,临沂,118.356448,35.104672,118.3506937,35.10506434
2,370000000000,371400000000,253000,德州市,德州,山东,德州,116.357464,37.434092,116.3515635,37.4332261
2,370000000000,371500000000,252000,聊城市,聊城,山东,聊城,115.985371,36.456703,115.9796907,36.45661541
2,370000000000,371600000000,256600,滨州市,滨州,山东,滨州,117.970703,37.38199,117.9647997,37.38134077
2,370000000000,371700000000,274000,菏泽市,菏泽,山东,菏泽,115.480656,35.23375,115.4748087,35.23414587
2,410000000000,410100000000,450000,郑州市,郑州,河南,郑州,113.625368,34.746599,113.6193214,34.74778158
2,410000000000,410200000000,475000,开封市,开封,河南,开封,114.307581,34.797239,114.3017369,34.79813186
2,410000000000,410300000000,471000,洛阳市,洛阳,河南,洛阳,112.45404,34.619682,112.4477897,34.62070805
2,410000000000,410400000000,467000,平顶山市,平顶山,河南,平顶山,113.192661,33.766169,113.1863923,33.76760512
2,410000000000,410500000000,455000,安阳市,安阳,河南,安阳,114.392392,36.097577,114.3863023,36.0974033
2,410000000000,410600000000,458000,鹤壁市,鹤壁,河南,鹤壁,114.297272,35.747225,114.2913429,35.74729402
2,410000000000,410700000000,453000,新乡市,新乡,河南,新乡,113.9268,35.303004,113.9208948,35.30358949
2,410000000000,410800000000,454150,焦作市,焦作,河南,焦作,113.241823,35.215892,113.2354582,35.21640373
2,410000000000,410900000000,457000,濮阳市,濮阳,河南,濮阳,115.029215,35.761829,115.0233248,35.76183294
2,410000000000,411000000000,461000,许昌市,许昌,河南,许昌,113.85264,34.035506,113.8467686,34.0370646
2,410000000000,411100000000,462000,漯河市,漯河,河南,漯河,114.016539,33.581412,114.010614,33.58289943
2,410000000000,411200000000,472000,三门峡市,三门峡,河南,三门峡,111.200135,34.772493,111.1941411,34.77348057
2,410000000000,411300000000,473000,南阳市,南阳,河南,南阳,112.528321,32.990833,112.522478,32.99283226
2,410000000000,411400000000,476000,商丘市,商丘,河南,商丘,115.65637,34.414172,115.6508613,34.41553851
2,410000000000,411500000000,464000,信阳市,信阳,河南,信阳,114.091023,32.146983,114.0851361,32.14892741
2,410000000000,411600000000,466000,周口市,周口,河南,周口,114.696951,33.626149,114.6914768,33.62770618
2,410000000000,411700000000,463000,驻马店市,驻马店,河南,驻马店,114.022298,33.011529,114.016414,33.01334087
2,420000000000,420100000000,430000,武汉市,武汉,湖北,武汉,114.305392,30.593098,114.2999472,30.59550751
2,420000000000,420200000000,435000,黄石市,黄石,湖北,黄石,115.03852,30.199652,115.0331325,30.20207447
2,420000000000,420300000000,442000,十堰市,十堰,湖北,十堰,110.79799,32.629397,110.7926699,32.63158639
2,420000000000,420500000000,443000,宜昌市,宜昌,湖北,宜昌,111.286471,30.691967,111.2808115,30.69440598
2,420000000000,420600000000,441000,襄阳市,襄阳,湖北,襄阳,112.122414,32.008986,112.1163333,32.01094285
2,420000000000,420700000000,436000,鄂州市,鄂州,湖北,鄂州,114.894843,30.39194,114.8898021,30.39463577
2,420000000000,420800000000,448000,荆门市,荆门,湖北,荆门,112.199265,31.035423,112.1934371,31.03763776
2,420000000000,420900000000,432000,孝感市,孝感,湖北,孝感,113.916902,30.924568,113.911418,30.92704716
2,420000000000,421000000000,434000,荆州市,荆州,湖北,荆州,112.239741,30.335165,112.2340306,30.33772165
2,420000000000,421100000000,438000,黄冈市,黄冈,湖北,黄冈,114.872316,30.453905,114.8672535,30.4565705
2,420000000000,421200000000,437000,咸宁市,咸宁,湖北,咸宁,114.322492,29.841443,114.3170855,29.84390849
2,420000000000,421300000000,441300,随州市,随州,湖北,随州,113.382458,31.690215,113.3762406,31.69208878
2,420000000000,422800000000,445000,恩施土家族苗族自治州,恩施,湖北,恩施,109.488172,30.272156,109.4833023,30.27472512
2,430000000000,430100000000,410000,长沙市,长沙,湖南,长沙,112.938814,28.228209,112.9333642,28.23171656
2,430000000000,430200000000,412000,株洲市,株洲,湖南,株洲,113.134002,27.82755,113.1281733,27.83069103
2,430000000000,430300000000,411100,湘潭市,湘潭,湖南,湘潭,112.944049,27.829738,112.9386187,27.83318695
2,430000000000,430400000000,421000,衡阳市,衡阳,湖南,衡阳,112.571997,26.89323,112.566762,26.89681564
2,430000000000,430500000000,422000,邵阳市,邵阳,湖南,邵阳,111.467791,27.238892,111.4622274,27.2421368
2,430000000000,430600000000,414000,岳阳市,岳阳,湖南,岳阳,113.128958,29.357104,113.1229939,29.35965951
2,430000000000,430700000000,415000,常德市,常德,湖南,常德,111.698497,29.031673,111.6928874,29.0346977
2,430000000000,430800000000,427000,张家界市,张家界,湖南,张家界,110.479191,29.117096,110.4742485,29.11996065
2,430000000000,430900000000,413000,益阳市,益阳,湖南,益阳,112.35518,28.55386,112.3494708,28.55700954
2,430000000000,431000000000,423000,郴州市,郴州,湖南,郴州,113.014717,25.770509,113.0092093,25.77346726
2,430000000000,431100000000,425000,永州市,永州,湖南,永州,111.613445,26.420394,111.6081991,26.42398032
2,430000000000,431200000000,418000,怀化市,怀化,湖南,怀化,109.998488,27.554978,109.9938091,27.55829548
2,430000000000,431300000000,417000,娄底市,娄底,湖南,娄底,111.993497,27.700062,111.9879827,27.70337838
2,430000000000,433100000000,416000,湘西土家族苗族自治州,湘西,湖南,湘西,109.739172,28.311947,109.7344395,28.31533718
2,440000000000,440100000000,510000,广州市,广州,广东,广州,113.264434,23.129162,113.2591044,23.13183862
2,440000000000,440200000000,512000,韶关市,韶关,广东,韶关,113.597522,24.810403,113.5923324,24.81346368
2,440000000000,440300000000,518000,深圳市,深圳,广东,深圳,114.057868,22.543099,114.052754,22.54581624
2,440000000000,440400000000,519000,珠海市,珠海,广东,珠海,113.576726,22.270715,113.571687,22.27373049
2,440000000000,440500000000,515000,汕头市,汕头,广东,汕头,116.681972,23.354091,116.6775041,23.35674806
2,440000000000,440600000000,528000,佛山市,佛山,广东,佛山,113.121416,23.021548,113.1159331,23.02410103
2,440000000000,440700000000,529000,江门市,江门,广东,江门,113.081901,22.578738,113.0764513,22.58142896
2,440000000000,440800000000,524000,湛江市,湛江,广东,湛江,110.359377,21.270707,110.3548806,21.27308902
2,440000000000,440900000000,525000,茂名市,茂名,广东,茂名,110.925456,21.662999,110.9209439,21.66577477
2,440000000000,441200000000,526000,肇庆市,肇庆,广东,肇庆,112.465091,23.047191,112.4598361,23.04981203
2,440000000000,441300000000,516000,惠州市,惠州,广东,惠州,114.416196,23.111847,114.4112282,23.1143449
2,440000000000,441400000000,514000,梅州市,梅州,广东,梅州,116.122238,24.288615,116.1174119,24.2912421
2,440000000000,441500000000,516600,汕尾市,汕尾,广东,汕尾,115.375278,22.786211,115.3703367,22.78884558
2,440000000000,441600000000,517000,河源市,河源,广东,河源,114.700447,23.743538,114.6957467,23.74618818
2,440000000000,441700000000,529500,阳江市,阳江,广东,阳江,111.982232,21.857958,111.9771565,21.86068882
2,440000000000,441800000000,511500,清远市,清远,广东,清远,113.056031,23.681763,113.0505492,23.68422336
2,440000000000,441900000000,523000,东莞市,东莞,广东,东莞,113.751765,23.020536,113.7465719,23.02325864
2,440000000000,442000000000,528400,中山市,中山,广东,中山,113.392782,22.517645,113.3872997,22.52033437
2,440000000000,445100000000,521000,潮州市,潮州,广东,潮州,116.622603,23.65695,116.6182379,23.65969606
2,440000000000,445200000000,522000,揭阳市,揭阳,广东,揭阳,116.372831,23.549993,116.3681217,23.55239034
2,440000000000,445300000000,527300,云浮市,云浮,广东,云浮,112.044491,22.915094,112.0391705,22.91775169
2,450000000000,450100000000,530000,南宁市,南宁,广西,南宁,108.366543,22.817002,108.3624714,22.81968818
2,450000000000,450200000000,545000,柳州市,柳州,广西,柳州,109.415953,24.325502,109.4113457,24.32819147
2,450000000000,450300000000,541000,桂林市,桂林,广西,桂林,110.290194,25.273566,110.2856088,25.27640122
2,450000000000,450400000000,543000,梧州市,梧州,广西,梧州,111.279115,23.476962,111.2740071,23.4795535
2,450000000000,450500000000,536000,北海市,北海,广西,北海,109.119927,21.481254,109.115634,21.48364136
2,450000000000,450600000000,538000,防城港市,防城港,广西,防城港,108.353846,21.68686,108.349852,21.68934698
2,450000000000,450700000000,535000,钦州市,钦州,广西,钦州,108.654146,21.979933,108.6503891,21.9828181
2,450000000000,450800000000,537000,贵港市,贵港,广西,贵港,109.598926,23.11153,109.5947351,23.11443122
2,450000000000,450900000000,537000,玉林市,玉林,广西,玉林,110.164756,22.636379,110.1602576,22.63915421
2,450000000000,451000000000,533000,百色市,百色,广西,百色,106.618201,23.902333,106.6147902,23.90523689
2,450000000000,451100000000,542800,贺州市,贺州,广西,贺州,111.566694,24.403582,111.5615805,24.40661829
2,450000000000,451200000000,547000,河池市,河池,广西,河池,108.085261,24.692931,108.081008,24.69568322
2,450000000000,451300000000,546100,来宾市,来宾,广西,来宾,109.221465,23.750306,109.2171633,23.75294505
2,450000000000,451400000000,532200,崇左市,崇左,广西,崇左,107.364711,22.376532,107.3605557,22.37928145
2,460000000000,460100000000,570100,海口市,海口,海南,海口,110.198293,20.044001,110.193998,20.04611243
2,460000000000,460200000000,572000,三亚市,三亚,海南,三亚,109.511909,18.252847,109.5078247,18.25455225
2,460000000000,460300000000,573100,三沙市,三沙,海南,三沙,112.338695,16.831839,112.3337828,16.83346971
2,460000000000,460400000000,571700,儋州市,儋州,海南,儋州,109.580811,19.521134,109.5768014,19.52310778
2,510000000000,510100000000,610000,成都市,成都,四川,成都,104.066541,30.572269,104.064036,30.57472341
2,510000000000,510300000000,643000,自贡市,自贡,四川,自贡,104.778442,29.33903,104.7757458,29.3418895
2,510000000000,510400000000,617000,攀枝花市,攀枝花,四川,攀枝花,101.718637,26.582347,101.7170625,26.58591489
2,510000000000,510500000000,646000,泸州市,泸州,四川,泸州,105.442258,28.87181,105.4386665,28.87484769
2,510000000000,510600000000,618000,德阳市,德阳,四川,德阳,104.397894,31.126855,104.395212,31.12899598
2,510000000000,510700000000,621000,绵阳市,绵阳,四川,绵阳,104.679114,31.46745,104.6764973,31.46972615
2,510000000000,510800000000,628000,广元市,广元,四川,广元,105.843357,32.435435,105.8396514,32.43783452
2,510000000000,510900000000,629000,遂宁市,遂宁,四川,遂宁,105.592898,30.532847,105.5894886,30.53564144
2,510000000000,511000000000,641000,内江市,内江,四川,内江,105.058433,29.580228,105.0552056,29.58280414
2,510000000000,511100000000,614000,乐山市,乐山,四川,乐山,103.765568,29.552106,103.7633592,29.55486229
2,510000000000,511300000000,637000,南充市,南充,四川,南充,106.110698,30.837793,106.1066787,30.84007519
2,510000000000,511400000000,620000,眉山市,眉山,四川,眉山,103.848538,30.075439,103.8464364,30.07826068
2,510000000000,511500000000,644000,宜宾市,宜宾,四川,宜宾,104.643215,28.751768,104.640832,28.75519624
2,510000000000,511600000000,638500,广安市,广安,四川,广安,106.633212,30.455961,106.6294203,30.45873735
2,510000000000,511700000000,635000,达州市,达州,四川,达州,107.468023,31.209571,107.4633677,31.21171714
2,510000000000,511800000000,625000,雅安市,雅安,四川,雅安,103.013261,29.980537,103.0113939,29.98319715
2,510000000000,511900000000,636600,巴中市,巴中,四川,巴中,106.747477,31.867903,106.7433325,31.87008446
2,510000000000,512000000000,641300,资阳市,资阳,四川,资阳,104.627636,30.128901,104.6252319,30.1317481
2,510000000000,513200000000,624000,阿坝藏族羌族自治州,阿坝,四川,阿坝,102.224653,31.899413,102.2230088,31.90165768
2,510000000000,513300000000,626000,甘孜藏族自治州,甘孜,四川,甘孜,101.96231,30.04952,101.9607908,30.05234063
2,510000000000,513400000000,615000,凉山彝族自治州,凉山,四川,凉山,102.267335,27.88161,102.2658404,27.88504201
2,520000000000,520100000000,550000,贵阳市,贵阳,贵州,贵阳,106.630153,26.647661,106.6265843,26.6513304
2,520000000000,520200000000,553000,六盘水市,六盘水,贵州,六盘水,104.830359,26.592666,104.8278211,26.59628568
2,520000000000,520300000000,563000,遵义市,遵义,贵州,遵义,106.927389,27.725654,106.9235658,27.72918485
2,520000000000,520400000000,561000,安顺市,安顺,贵州,安顺,105.947593,26.253072,105.9442273,26.25660183
2,520000000000,520500000000,551700,毕节市,毕节,贵州,毕节,105.283992,27.302589,105.2807731,27.30596356
2,520000000000,520600000000,554300,铜仁市,铜仁,贵州,铜仁,109.189598,27.731514,109.1850191,27.73478616
2,520000000000,522300000000,562400,黔西南布依族苗族自治州,黔西南,贵州,黔西南,104.906396,25.087825,104.9039293,25.090934
2,520000000000,522600000000,556000,黔东南苗族侗族自治州,黔东南,贵州,黔东南,107.982859,26.583442,107.9787224,26.58697776
2,520000000000,522700000000,558000,黔南布依族苗族自治州,黔南,贵州,黔南,107.522097,26.254092,107.5179328,26.25753126
2,530000000000,530100000000,650000,昆明市,昆明,云南,昆明,102.832891,24.880095,102.8314748,24.88316421
2,530000000000,530300000000,655000,曲靖市,曲靖,云南,曲靖,103.796167,25.489999,103.7941438,25.49300053
2,530000000000,530400000000,653100,玉溪市,玉溪,云南,玉溪,102.546543,24.352036,102.5452898,24.35510059
2,530000000000,530500000000,678000,保山市,保山,云南,保山,99.161761,25.112046,99.1608424,25.11490309
2,530000000000,530600000000,657000,昭通市,昭通,云南,昭通,103.717465,27.338257,103.7153718,27.34168178
2,530000000000,530700000000,674100,丽江市,丽江,云南,丽江,100.22775,26.855047,100.2266183,26.85859392
2,530000000000,530800000000,665000,普洱市,普洱,云南,普洱,100.966512,22.825065,100.965335,22.82805652
2,530000000000,530900000000,677000,临沧市,临沧,云南,临沧,100.079583,23.877573,100.0783372,23.88016361
2,530000000000,532300000000,675000,楚雄彝族自治州,楚雄,云南,楚雄,101.528069,25.045532,101.5265993,25.04857029
2,530000000000,532500000000,661400,红河哈尼族彝族自治州,红河,云南,红河,103.374799,23.36313,103.3727751,23.36564416
2,530000000000,532600000000,663000,文山壮族苗族自治州,文山,云南,文山,104.216248,23.400733,104.2141473,23.40338419
2,530000000000,532800000000,666100,西双版纳傣族自治州,西双版纳,云南,西双版纳,100.797777,22.007351,100.7966543,22.01021134
2,530000000000,532900000000,671000,大理白族自治州,大理,云南,大理,100.267638,25.606486,100.2665397,25.60951958
2,530000000000,533100000000,678400,德宏傣族景颇族自治州,德宏,云南,德宏,98.584895,24.433353,98.58474204,24.43652461
2,530000000000,533300000000,673100,怒江傈僳族自治州,怒江,云南,怒江,98.853097,25.852547,98.85270056,25.85588015
2,530000000000,533400000000,674400,迪庆藏族自治州,迪庆,云南,迪庆,99.702234,27.818882,99.70114107,27.82237745
2,540000000000,540100000000,850000,拉萨市,拉萨,西藏,拉萨,91.140856,29.645554,91.13932659,29.64828996
2,540000000000,540200000000,857000,日喀则市,日喀则,西藏,日喀则,88.880583,29.266869,88.87854811,29.27013434
2,540000000000,540300000000,854000,昌都市,昌都,西藏,昌都,97.17202,31.140969,97.17148422,31.14329495
2,540000000000,540400000000,860000,林芝市,林芝,西藏,林芝,94.36149,29.649128,94.36032459,29.65181787
2,540000000000,540500000000,856000,山南市,山南,西藏,山南,91.773134,29.237137,91.77192265,29.24022063
2,540000000000,540600000000,852000,那曲市,那曲,西藏,那曲,91.117212,29.646922,91.11565167,29.6496299
2,540000000000,542500000000,859000,阿里地区,阿里,西藏,阿里,80.105804,32.501111,80.10358813,32.50359285
2,610000000000,610100000000,710000,西安市,西安,陕西,西安,108.940174,34.341568,108.9355174,34.34312289
2,610000000000,610200000000,727000,铜川市,铜川,陕西,铜川,108.945233,34.896756,108.9405165,34.89784056
2,610000000000,610300000000,721000,宝鸡市,宝鸡,陕西,宝鸡,107.237974,34.361979,107.2332816,34.36339875
2,610000000000,610400000000,712000,咸阳市,咸阳,陕西,咸阳,108.708991,34.329605,108.7043181,34.33104729
2,610000000000,610500000000,714000,渭南市,渭南,陕西,渭南,109.509786,34.499995,109.5046424,34.50132238
2,610000000000,610600000000,716000,延安市,延安,陕西,延安,109.489727,36.585455,109.4843235,36.5853579
2,610000000000,610700000000,723000,汉中市,汉中,陕西,汉中,107.023323,33.06748,107.0188012,33.06936655
2,610000000000,610800000000,719000,榆林市,榆林,陕西,榆林,109.734589,38.28539,109.7290052,38.28487189
2,610000000000,610900000000,725000,安康市,安康,陕西,安康,109.029022,32.684714,109.0241572,32.68678481
2,610000000000,611000000000,726000,商洛市,商洛,陕西,商洛,109.940477,33.870422,109.9354882,33.87209812
2,620000000000,620100000000,730000,兰州市,兰州,甘肃,兰州,103.834303,36.061089,103.8318999,36.06141629
2,620000000000,620200000000,735100,嘉峪关市,嘉峪关,甘肃,嘉峪关,98.289152,39.77313,98.28855274,39.77229752
2,620000000000,620300000000,737100,金昌市,金昌,甘肃,金昌,102.188043,38.520089,102.1860539,38.51965138
2,620000000000,620400000000,730900,白银市,白银,甘肃,白银,104.138559,36.544756,104.1357416,36.5446646
2,620000000000,620500000000,741000,天水市,天水,甘肃,天水,105.724947,34.580863,105.72101,34.58218095
2,620000000000,620600000000,733000,武威市,武威,甘肃,武威,102.638011,37.928264,102.6362943,37.92797803
2,620000000000,620700000000,734000,张掖市,张掖,甘肃,张掖,100.449818,38.925875,100.448116,38.92523672
2,620000000000,620800000000,744000,平凉市,平凉,甘肃,平凉,106.66524,35.543051,106.6610162,35.54351667
2,620000000000,620900000000,735000,酒泉市,酒泉,甘肃,酒泉,98.494483,39.73241,98.49384917,39.73158778
2,620000000000,621000000000,745000,庆阳市,庆阳,甘肃,庆阳,107.643631,35.709077,107.6388878,35.70947303
2,620000000000,621100000000,743000,定西市,定西,甘肃,定西,104.626282,35.580662,104.6236113,35.58120529
2,620000000000,621200000000,742500,陇南市,陇南,甘肃,陇南,104.921841,33.400684,104.9189591,33.40263773
2,620000000000,622900000000,731100,临夏回族自治州,临夏,甘肃,临夏,103.210538,35.601182,103.2082956,35.60154181
2,620000000000,623000000000,747000,甘南藏族自治州,甘南,甘肃,甘南,102.911027,34.983385,102.9093043,34.98452307
2,630000000000,630100000000,810000,西宁市,西宁,青海,西宁,101.778228,36.617144,101.7762956,36.61722566
2,630000000000,630200000000,814000,海东市,海东,青海,海东,102.104287,36.502039,102.1022171,36.50197478
2,630000000000,632200000000,812200,海北藏族自治州,海北,青海,海北,100.900997,36.954413,100.8995427,36.95445901
2,630000000000,632300000000,811300,黄南藏族自治州,黄南,青海,黄南,102.015248,35.519548,102.0133626,35.51996201
2,630000000000,632500000000,813000,海南藏族自治州,海南,青海,海南,100.620373,36.286437,100.6190954,36.28683908
2,630000000000,632600000000,814000,果洛藏族自治州,果洛,青海,果洛,100.244808,34.471431,100.2434675,34.47291036
2,630000000000,632700000000,815000,玉树藏族自治州,玉树,青海,玉树,97.091934,33.011674,97.09128038,33.01364262
2,630000000000,632800000000,817000,海西蒙古族藏族自治州,海西,青海,海西,97.369751,37.377139,97.36894894,37.37665965
2,640000000000,640100000000,750000,银川市,银川,宁夏,银川,106.230909,38.487193,106.2265101,38.48673348
2,640000000000,640200000000,753000,石嘴山市,石嘴山,宁夏,石嘴山,106.383303,38.983236,106.3785916,38.98239475
2,640000000000,640300000000,751100,吴忠市,吴忠,宁夏,吴忠,106.198393,37.99746,106.193994,37.99691659
2,640000000000,640400000000,756000,固原市,固原,宁夏,固原,106.24261,36.015855,106.2384147,36.01603941
2,640000000000,640500000000,755000,中卫市,中卫,宁夏,中卫,105.196902,37.499972,105.1931343,37.49941788
2,650000000000,650100000000,830000,乌鲁木齐市,乌鲁木齐,新疆,乌鲁木齐,87.616848,43.825592,87.613998,43.82438656
2,650000000000,650200000000,834000,克拉玛依市,克拉玛依,新疆,克拉玛依,84.889207,45.579888,84.88680251,45.57908396
2,650000000000,650400000000,838000,吐鲁番市,吐鲁番,新疆,吐鲁番,89.189655,42.951384,89.18681296,42.94983161
2,650000000000,650500000000,839000,哈密市,哈密,新疆,哈密,93.514916,42.818501,93.51331758,42.81698816
2,650000000000,652300000000,831100,昌吉回族自治州,昌吉,新疆,昌吉,87.308224,44.011182,87.30511281,44.00986514
2,650000000000,652700000000,833400,博尔塔拉蒙古自治州,博尔塔拉,新疆,博尔塔拉,82.066159,44.905588,82.06287745,44.904567
2,650000000000,652800000000,841000,巴音郭楞蒙古自治州,巴音郭楞,新疆,巴音郭楞,86.145298,41.764115,86.14264545,41.76261067
2,650000000000,652900000000,843000,阿克苏地区,阿克苏,新疆,阿克苏,80.260605,41.168779,80.25843672,41.1677973
2,650000000000,653000000000,845350,克孜勒苏柯尔克孜自治州,克孜勒苏,新疆,克孜勒苏,76.167819,39.714526,76.1647802,39.71411249
2,650000000000,653100000000,844000,喀什地区,喀什,新疆,喀什,75.989755,39.4704,75.98680016,39.47017311
2,650000000000,653200000000,848000,和田地区,和田,新疆,和田,79.922211,37.114157,79.92029367,37.11449765
2,650000000000,654000000000,835000,伊犁哈萨克自治州,伊犁,新疆,伊犁,81.324136,43.916823,81.32108663,43.91557129
2,650000000000,654200000000,834700,塔城地区,塔城,新疆,塔城,82.980316,46.745364,82.97715149,46.74465372
2,650000000000,654300000000,836000,阿勒泰地区,阿勒泰,新疆,阿勒泰,88.141253,47.844924,88.13790065,47.84362113
